dataset,platform_id,feature_id,original_symbol,canonical_symbol,match_basis,mapping_ambiguity,included_in_lock,evidence_source
GSE110487,RNASEQ_GENCODE25,ENSG00000169252,ADRB2,ADRB2,SYMBOL:ADRB2,NO,YES,org.Hs.eg.db 3.22.0; GENCODE v25 source counts
GSE110487,RNASEQ_GENCODE25,ENSG00000138772,ANXA3,ANXA3,SYMBOL:ANXA3,NO,YES,org.Hs.eg.db 3.22.0; GENCODE v25 source counts
GSE110487,RNASEQ_GENCODE25,ENSG00000103569,AQP9,AQP9,SYMBOL:AQP9,NO,YES,org.Hs.eg.db 3.22.0; GENCODE v25 source counts
GSE110487,RNASEQ_GENCODE25,ENSG00000144848,ATG3,ATG3,SYMBOL:ATG3,NO,YES,org.Hs.eg.db 3.22.0; GENCODE v25 source counts
GSE110487,RNASEQ_GENCODE25,ENSG00000172232,AZU1,AZU1,SYMBOL:AZU1,NO,YES,org.Hs.eg.db 3.22.0; GENCODE v25 source counts
GSE110487,RNASEQ_GENCODE25,ENSG00000156127,BATF,BATF,SYMBOL:BATF,NO,YES,org.Hs.eg.db 3.22.0; GENCODE v25 source counts
GSE110487,RNASEQ_GENCODE25,ENSG00000060982,BCAT1,BCAT1,SYMBOL:BCAT1,NO,YES,org.Hs.eg.db 3.22.0; GENCODE v25 source counts
GSE110487,RNASEQ_GENCODE25,ENSG00000153094,BCL2L11,BCL2L11,SYMBOL:BCL2L11,NO,YES,org.Hs.eg.db 3.22.0; GENCODE v25 source counts
GSE110487,RNASEQ_GENCODE25,ENSG00000113916,BCL6,BCL6,SYMBOL:BCL6,NO,YES,org.Hs.eg.db 3.22.0; GENCODE v25 source counts
GSE110487,RNASEQ_GENCODE25,ENSG00000011114,BTBD7,BTBD7,SYMBOL:BTBD7,NO,YES,org.Hs.eg.db 3.22.0; GENCODE v25 source counts
GSE110487,RNASEQ_GENCODE25,ENSG00000154473,BUB3,BUB3,SYMBOL:BUB3,NO,YES,org.Hs.eg.db 3.22.0; GENCODE v25 source counts
GSE110487,RNASEQ_GENCODE25,ENSG00000171860,C3AR1,C3AR1,SYMBOL:C3AR1,NO,YES,org.Hs.eg.db 3.22.0; GENCODE v25 source counts
GSE110487,RNASEQ_GENCODE25,ENSG00000164047,CAMP,CAMP,SYMBOL:CAMP,NO,YES,org.Hs.eg.db 3.22.0; GENCODE v25 source counts
GSE110487,RNASEQ_GENCODE25,ENSG00000198824,CAMP,CAMP,ALIAS:CAMP,NO,YES,org.Hs.eg.db 3.22.0; GENCODE v25 source counts
GSE110487,RNASEQ_GENCODE25,ENSG00000165806,CASP7,CASP7,SYMBOL:CASP7,NO,YES,org.Hs.eg.db 3.22.0; GENCODE v25 source counts
GSE110487,RNASEQ_GENCODE25,ENSG00000108691,CCL2,CCL2,SYMBOL:CCL2,NO,YES,org.Hs.eg.db 3.22.0; GENCODE v25 source counts
GSE110487,RNASEQ_GENCODE25,ENSG00000079385,CEACAM1,CEACAM1,SYMBOL:CEACAM1,NO,YES,org.Hs.eg.db 3.22.0; GENCODE v25 source counts
GSE110487,RNASEQ_GENCODE25,ENSG00000105352,CEACAM4,CEACAM4,SYMBOL:CEACAM4,NO,YES,org.Hs.eg.db 3.22.0; GENCODE v25 source counts
GSE110487,RNASEQ_GENCODE25,ENSG00000124469,CEACAM8,CEACAM8,SYMBOL:CEACAM8,NO,YES,org.Hs.eg.db 3.22.0; GENCODE v25 source counts
GSE110487,RNASEQ_GENCODE25,ENSG00000138180,CEP55,CEP55,SYMBOL:CEP55,NO,YES,org.Hs.eg.db 3.22.0; GENCODE v25 source counts
GSE110487,RNASEQ_GENCODE25,ENSG00000164733,CTSB,CTSB,SYMBOL:CTSB,NO,YES,org.Hs.eg.db 3.22.0; GENCODE v25 source counts
GSE110487,RNASEQ_GENCODE25,ENSG00000100448,CTSG,CTSG,SYMBOL:CTSG,NO,YES,org.Hs.eg.db 3.22.0; GENCODE v25 source counts
GSE110487,RNASEQ_GENCODE25,ENSG00000168329,CX3CR1,CX3CR1,SYMBOL:CX3CR1,NO,YES,org.Hs.eg.db 3.22.0; GENCODE v25 source counts
GSE110487,RNASEQ_GENCODE25,ENSG00000172215,CXCR6,CXCR6,SYMBOL:CXCR6,NO,YES,org.Hs.eg.db 3.22.0; GENCODE v25 source counts
GSE110487,RNASEQ_GENCODE25,ENSG00000164821,DEFA4,DEFA4,SYMBOL:DEFA4,NO,YES,org.Hs.eg.db 3.22.0; GENCODE v25 source counts
GSE110487,RNASEQ_GENCODE25,ENSG00000147443,DOK2,DOK2,SYMBOL:DOK2,NO,YES,org.Hs.eg.db 3.22.0; GENCODE v25 source counts
GSE110487,RNASEQ_GENCODE25,ENSG00000146094,DOK3,DOK3,SYMBOL:DOK3,NO,YES,org.Hs.eg.db 3.22.0; GENCODE v25 source counts
GSE110487,RNASEQ_GENCODE25,ENSG00000112685,EXOC2,EXOC2,SYMBOL:EXOC2,NO,YES,org.Hs.eg.db 3.22.0; GENCODE v25 source counts
GSE110487,RNASEQ_GENCODE25,ENSG00000162894,FAIM3,FAIM3,ALIAS:FAIM3,NO,YES,org.Hs.eg.db 3.22.0; GENCODE v25 source counts
GSE110487,RNASEQ_GENCODE25,ENSG00000047346,FAM214A,FAM214A,ALIAS:FAM214A,NO,YES,org.Hs.eg.db 3.22.0; GENCODE v25 source counts
GSE110487,RNASEQ_GENCODE25,ENSG00000182118,FAM89A,FAM89A,SYMBOL:FAM89A,NO,YES,org.Hs.eg.db 3.22.0; GENCODE v25 source counts
GSE110487,RNASEQ_GENCODE25,ENSG00000060558,GNA15,GNA15,SYMBOL:GNA15,NO,YES,org.Hs.eg.db 3.22.0; GENCODE v25 source counts
GSE110487,RNASEQ_GENCODE25,ENSG00000197858,GPAA1,GPAA1,SYMBOL:GPAA1,NO,YES,org.Hs.eg.db 3.22.0; GENCODE v25 source counts
GSE110487,RNASEQ_GENCODE25,ENSG00000160883,HK3,HK3,SYMBOL:HK3,NO,YES,org.Hs.eg.db 3.22.0; GENCODE v25 source counts
GSE110487,RNASEQ_GENCODE25,ENSG00000168172,HK3,HK3,ALIAS:HK3,NO,YES,org.Hs.eg.db 3.22.0; GENCODE v25 source counts
GSE110487,RNASEQ_GENCODE25,ENSG00000223865,HLA-DPB1,HLA-DPB1,SYMBOL:HLA-DPB1,NO,YES,org.Hs.eg.db 3.22.0; GENCODE v25 source counts
GSE110487,RNASEQ_GENCODE25,ENSG00000231389,HLA-DPB1,HLA-DPB1,ALIAS:HLA-DPB1,NO,YES,org.Hs.eg.db 3.22.0; GENCODE v25 source counts
GSE110487,RNASEQ_GENCODE25,ENSG00000072571,HMMR,HMMR,SYMBOL:HMMR,NO,YES,org.Hs.eg.db 3.22.0; GENCODE v25 source counts
GSE110487,RNASEQ_GENCODE25,ENSG00000148057,IDNK,IDNK,SYMBOL:IDNK,NO,YES,org.Hs.eg.db 3.22.0; GENCODE v25 source counts
GSE110487,RNASEQ_GENCODE25,ENSG00000165949,IFI27,IFI27,SYMBOL:IFI27,NO,YES,org.Hs.eg.db 3.22.0; GENCODE v25 source counts
GSE110487,RNASEQ_GENCODE25,ENSG00000137959,IFI44L,IFI44L,SYMBOL:IFI44L,NO,YES,org.Hs.eg.db 3.22.0; GENCODE v25 source counts
GSE110487,RNASEQ_GENCODE25,ENSG00000077238,IL4R,IL4R,SYMBOL:IL4R,NO,YES,org.Hs.eg.db 3.22.0; GENCODE v25 source counts
GSE110487,RNASEQ_GENCODE25,ENSG00000173801,JUP,JUP,SYMBOL:JUP,NO,YES,org.Hs.eg.db 3.22.0; GENCODE v25 source counts
GSE110487,RNASEQ_GENCODE25,ENSG00000163808,KIF15,KIF15,SYMBOL:KIF15,NO,YES,org.Hs.eg.db 3.22.0; GENCODE v25 source counts
GSE110487,RNASEQ_GENCODE25,ENSG00000109466,KLHL2,KLHL2,SYMBOL:KLHL2,NO,YES,org.Hs.eg.db 3.22.0; GENCODE v25 source counts
GSE110487,RNASEQ_GENCODE25,ENSG00000111796,KLRB1,KLRB1,SYMBOL:KLRB1,NO,YES,org.Hs.eg.db 3.22.0; GENCODE v25 source counts
GSE110487,RNASEQ_GENCODE25,ENSG00000185896,LAMP1,LAMP1,SYMBOL:LAMP1,NO,YES,org.Hs.eg.db 3.22.0; GENCODE v25 source counts
GSE110487,RNASEQ_GENCODE25,ENSG00000122188,LAX1,LAX1,SYMBOL:LAX1,NO,YES,org.Hs.eg.db 3.22.0; GENCODE v25 source counts
GSE110487,RNASEQ_GENCODE25,ENSG00000148346,LCN2,LCN2,SYMBOL:LCN2,NO,YES,org.Hs.eg.db 3.22.0; GENCODE v25 source counts
GSE110487,RNASEQ_GENCODE25,ENSG00000227507,LTB,LTB,SYMBOL:LTB,NO,YES,org.Hs.eg.db 3.22.0; GENCODE v25 source counts
GSE110487,RNASEQ_GENCODE25,ENSG00000204103,MAFB,MAFB,SYMBOL:MAFB,NO,YES,org.Hs.eg.db 3.22.0; GENCODE v25 source counts
GSE110487,RNASEQ_GENCODE25,ENSG00000137409,MTCH1,MTCH1,SYMBOL:MTCH1,NO,YES,org.Hs.eg.db 3.22.0; GENCODE v25 source counts
GSE110487,RNASEQ_GENCODE25,ENSG00000105402,NAPA,NAPA,SYMBOL:NAPA,NO,YES,org.Hs.eg.db 3.22.0; GENCODE v25 source counts
GSE110487,RNASEQ_GENCODE25,ENSG00000131400,NAPA,NAPA,ALIAS:NAPA,NO,YES,org.Hs.eg.db 3.22.0; GENCODE v25 source counts
GSE110487,RNASEQ_GENCODE25,ENSG00000091592,NLRP1,NLRP1,SYMBOL:NLRP1,NO,YES,org.Hs.eg.db 3.22.0; GENCODE v25 source counts
GSE110487,RNASEQ_GENCODE25,ENSG00000106733,NMRK1,NMRK1,SYMBOL:NMRK1,NO,YES,org.Hs.eg.db 3.22.0; GENCODE v25 source counts
GSE110487,RNASEQ_GENCODE25,ENSG00000124588,NQO2,NQO2,SYMBOL:NQO2,NO,YES,org.Hs.eg.db 3.22.0; GENCODE v25 source counts
GSE110487,RNASEQ_GENCODE25,ENSG00000135114,OASL,OASL,SYMBOL:OASL,NO,YES,org.Hs.eg.db 3.22.0; GENCODE v25 source counts
GSE110487,RNASEQ_GENCODE25,ENSG00000229314,ORM1,ORM1,SYMBOL:ORM1,NO,YES,org.Hs.eg.db 3.22.0; GENCODE v25 source counts
GSE110487,RNASEQ_GENCODE25,ENSG00000114268,PFKFB4,PFKFB4,SYMBOL:PFKFB4,NO,YES,org.Hs.eg.db 3.22.0; GENCODE v25 source counts
GSE110487,RNASEQ_GENCODE25,ENSG00000146070,PLA2G7,PLA2G7,SYMBOL:PLA2G7,NO,YES,org.Hs.eg.db 3.22.0; GENCODE v25 source counts
GSE110487,RNASEQ_GENCODE25,ENSG00000105198,PLAC8,PLAC8,ALIAS:PLAC8,NO,YES,org.Hs.eg.db 3.22.0; GENCODE v25 source counts
GSE110487,RNASEQ_GENCODE25,ENSG00000145287,PLAC8,PLAC8,SYMBOL:PLAC8,NO,YES,org.Hs.eg.db 3.22.0; GENCODE v25 source counts
GSE110487,RNASEQ_GENCODE25,ENSG00000198901,PRC1,PRC1,SYMBOL:PRC1,NO,YES,org.Hs.eg.db 3.22.0; GENCODE v25 source counts
GSE110487,RNASEQ_GENCODE25,ENSG00000092200,RPGRIP1,RPGRIP1,SYMBOL:RPGRIP1,NO,YES,org.Hs.eg.db 3.22.0; GENCODE v25 source counts
GSE110487,RNASEQ_GENCODE25,ENSG00000072858,SIDT1,SIDT1,SYMBOL:SIDT1,NO,YES,org.Hs.eg.db 3.22.0; GENCODE v25 source counts
GSE110487,RNASEQ_GENCODE25,ENSG00000124107,SLPI,SLPI,SYMBOL:SLPI,NO,YES,org.Hs.eg.db 3.22.0; GENCODE v25 source counts
GSE110487,RNASEQ_GENCODE25,ENSG00000143499,SMYD2,SMYD2,SYMBOL:SMYD2,NO,YES,org.Hs.eg.db 3.22.0; GENCODE v25 source counts
GSE110487,RNASEQ_GENCODE25,ENSG00000120708,TGFBI,TGFBI,SYMBOL:TGFBI,NO,YES,org.Hs.eg.db 3.22.0; GENCODE v25 source counts
GSE110487,RNASEQ_GENCODE25,ENSG00000107833,TMEM123,TMEM123,ALIAS:TMEM123,NO,YES,org.Hs.eg.db 3.22.0; GENCODE v25 source counts
GSE110487,RNASEQ_GENCODE25,ENSG00000152558,TMEM123,TMEM123,SYMBOL:TMEM123,NO,YES,org.Hs.eg.db 3.22.0; GENCODE v25 source counts
GSE110487,RNASEQ_GENCODE25,ENSG00000034510,TMSB10,TMSB10,SYMBOL:TMSB10,NO,YES,org.Hs.eg.db 3.22.0; GENCODE v25 source counts
GSE110487,RNASEQ_GENCODE25,ENSG00000145901,TNIP1,TNIP1,SYMBOL:TNIP1,NO,YES,org.Hs.eg.db 3.22.0; GENCODE v25 source counts
GSE110487,RNASEQ_GENCODE25,ENSG00000071575,TRIB2,TRIB2,SYMBOL:TRIB2,NO,YES,org.Hs.eg.db 3.22.0; GENCODE v25 source counts
GSE110487,RNASEQ_GENCODE25,ENSG00000100348,TXN,TXN,ALIAS:TXN,NO,YES,org.Hs.eg.db 3.22.0; GENCODE v25 source counts
GSE110487,RNASEQ_GENCODE25,ENSG00000136810,TXN,TXN,SYMBOL:TXN,NO,YES,org.Hs.eg.db 3.22.0; GENCODE v25 source counts
GSE110487,RNASEQ_GENCODE25,ENSG00000105397,TYK2,TYK2,SYMBOL:TYK2,NO,YES,org.Hs.eg.db 3.22.0; GENCODE v25 source counts
GSE110487,RNASEQ_GENCODE25,ENSG00000156587,UBE2L6,UBE2L6,SYMBOL:UBE2L6,NO,YES,org.Hs.eg.db 3.22.0; GENCODE v25 source counts
GSE110487,RNASEQ_GENCODE25,ENSG00000168899,VAMP5,VAMP5,SYMBOL:VAMP5,NO,YES,org.Hs.eg.db 3.22.0; GENCODE v25 source counts
GSE110487,RNASEQ_GENCODE25,ENSG00000028116,VRK2,VRK2,SYMBOL:VRK2,NO,YES,org.Hs.eg.db 3.22.0; GENCODE v25 source counts
GSE110487,RNASEQ_GENCODE25,ENSG00000163958,ZDHHC19,ZDHHC19,SYMBOL:ZDHHC19,NO,YES,org.Hs.eg.db 3.22.0; GENCODE v25 source counts
GSE236713,GPL17077,A_23_P145024,ADRB2,ADRB2,ADRB2,NO,YES,GPL17077 GEO platform table
GSE236713,GPL17077,A_23_P121716,ANXA3,ANXA3,ANXA3,NO,YES,GPL17077 GEO platform table
GSE236713,GPL17077,A_23_P106362,AQP9,AQP9,AQP9,NO,YES,GPL17077 GEO platform table
GSE236713,GPL17077,A_23_P212706,ATG3,ATG3,ATG3,NO,YES,GPL17077 GEO platform table
GSE236713,GPL17077,A_33_P3279353,AZU1,AZU1,AZU1,NO,YES,GPL17077 GEO platform table
GSE236713,GPL17077,A_23_P128974,BATF,BATF,BATF,NO,YES,GPL17077 GEO platform table
GSE236713,GPL17077,A_24_P52921,BCAT1,BCAT1,BCAT1,NO,YES,GPL17077 GEO platform table
GSE236713,GPL17077,A_24_P935986,BCAT1,BCAT1,BCAT1,NO,YES,GPL17077 GEO platform table
GSE236713,GPL17077,A_24_P122921,BCL2L11,BCL2L11,BCL2L11,NO,YES,GPL17077 GEO platform table
GSE236713,GPL17077,A_33_P3251932,BCL2L11,BCL2L11,BCL2L11,NO,YES,GPL17077 GEO platform table
GSE236713,GPL17077,A_33_P3398526,BCL2L11,BCL2L11,BCL2L11,NO,YES,GPL17077 GEO platform table
GSE236713,GPL17077,A_23_P57856,BCL6,BCL6,BCL6,NO,YES,GPL17077 GEO platform table
GSE236713,GPL17077,A_23_P88184,BTBD7,BTBD7,BTBD7,NO,YES,GPL17077 GEO platform table
GSE236713,GPL17077,A_24_P210513,BTBD7,BTBD7,BTBD7,NO,YES,GPL17077 GEO platform table
GSE236713,GPL17077,A_24_P721898,BTBD7,BTBD7,BTBD7,NO,YES,GPL17077 GEO platform table
GSE236713,GPL17077,A_33_P3416448,BTBD7,BTBD7,BTBD7,NO,YES,GPL17077 GEO platform table
GSE236713,GPL17077,A_23_P320658,BUB3,BUB3,BUB3,NO,YES,GPL17077 GEO platform table
GSE236713,GPL17077,A_23_P46924,BUB3,BUB3,BUB3,NO,YES,GPL17077 GEO platform table
GSE236713,GPL17077,A_23_P2431,C3AR1,C3AR1,C3AR1,NO,YES,GPL17077 GEO platform table
GSE236713,GPL17077,A_23_P253791,CAMP,CAMP,CAMP,NO,YES,GPL17077 GEO platform table
GSE236713,GPL17077,A_23_P12572,CASP7,CASP7,CASP7,NO,YES,GPL17077 GEO platform table
GSE236713,GPL17077,A_33_P3367341,CASP7,CASP7,CASP7,NO,YES,GPL17077 GEO platform table
GSE236713,GPL17077,A_23_P89431,CCL2,CCL2,CCL2,NO,YES,GPL17077 GEO platform table
GSE236713,GPL17077,A_24_P382319,CEACAM1,CEACAM1,CEACAM1,NO,YES,GPL17077 GEO platform table
GSE236713,GPL17077,A_33_P3268507,CEACAM1,CEACAM1,CEACAM1,NO,YES,GPL17077 GEO platform table
GSE236713,GPL17077,A_33_P3265309,CEACAM4,CEACAM4,CEACAM4,NO,YES,GPL17077 GEO platform table
GSE236713,GPL17077,A_23_P380240,CEACAM8,CEACAM8,CEACAM8,NO,YES,GPL17077 GEO platform table
GSE236713,GPL17077,A_23_P115872,CEP55,CEP55,CEP55,NO,YES,GPL17077 GEO platform table
GSE236713,GPL17077,A_33_P3291831,CEP55,CEP55,CEP55,NO,YES,GPL17077 GEO platform table
GSE236713,GPL17077,A_33_P3287631,CTSB,CTSB,CTSB,NO,YES,GPL17077 GEO platform table
GSE236713,GPL17077,A_23_P140384,CTSG,CTSG,CTSG,NO,YES,GPL17077 GEO platform table
GSE236713,GPL17077,A_23_P407565,CX3CR1,CX3CR1,CX3CR1,NO,YES,GPL17077 GEO platform table
GSE236713,GPL17077,A_23_P109913,CXCR6,CXCR6,CXCR6,NO,YES,GPL17077 GEO platform table
GSE236713,GPL17077,A_23_P326080,DEFA4,DEFA4,DEFA4,NO,YES,GPL17077 GEO platform table
GSE236713,GPL17077,A_23_P134851,DOK2,DOK2,DOK2,NO,YES,GPL17077 GEO platform table
GSE236713,GPL17077,A_32_P121085,DOK3,DOK3,DOK3,NO,YES,GPL17077 GEO platform table
GSE236713,GPL17077,A_33_P3228564,DOK3,DOK3,DOK3,NO,YES,GPL17077 GEO platform table
GSE236713,GPL17077,A_33_P3253144,DOK3,DOK3,DOK3,NO,YES,GPL17077 GEO platform table
GSE236713,GPL17077,A_23_P214354,EXOC2,EXOC2,EXOC2,NO,YES,GPL17077 GEO platform table
GSE236713,GPL17077,A_23_P138125,FAIM3,FAIM3,FAIM3,NO,YES,GPL17077 GEO platform table
GSE236713,GPL17077,A_23_P99853,KIAA1370,FAM214A,KIAA1370,NO,YES,GPL17077 GEO platform table
GSE236713,GPL17077,A_24_P418408,FAM89A,FAM89A,FAM89A,NO,YES,GPL17077 GEO platform table
GSE236713,GPL17077,A_24_P331128,GNA15,GNA15,GNA15,NO,YES,GPL17077 GEO platform table
GSE236713,GPL17077,A_23_P147383,GPAA1,GPAA1,GPAA1,NO,YES,GPL17077 GEO platform table
GSE236713,GPL17077,A_33_P3226600,GPAA1,GPAA1,GPAA1,NO,YES,GPL17077 GEO platform table
GSE236713,GPL17077,A_23_P213584,HK3,HK3,HK3,NO,YES,GPL17077 GEO platform table
GSE236713,GPL17077,A_23_P258769,HLA-DPB1,HLA-DPB1,HLA-DPB1,NO,YES,GPL17077 GEO platform table
GSE236713,GPL17077,A_24_P166443,HLA-DPB1,HLA-DPB1,HLA-DPB1,NO,YES,GPL17077 GEO platform table
GSE236713,GPL17077,A_33_P3271634,HLA-DPB1,HLA-DPB1,HLA-DPB1,NO,YES,GPL17077 GEO platform table
GSE236713,GPL17077,A_33_P3271635,HLA-DPB1,HLA-DPB1,HLA-DPB1,NO,YES,GPL17077 GEO platform table
GSE236713,GPL17077,A_33_P3271651,HLA-DPB1,HLA-DPB1,HLA-DPB1,NO,YES,GPL17077 GEO platform table
GSE236713,GPL17077,A_23_P70007,HMMR,HMMR,HMMR,NO,YES,GPL17077 GEO platform table
GSE236713,GPL17077,A_23_P123732,C9orf103,IDNK,C9orf103,NO,YES,GPL17077 GEO platform table
GSE236713,GPL17077,A_24_P270460,IFI27,IFI27,IFI27,NO,YES,GPL17077 GEO platform table
GSE236713,GPL17077,A_23_P45871,IFI44L,IFI44L,IFI44L,NO,YES,GPL17077 GEO platform table
GSE236713,GPL17077,A_23_P129556,IL4R,IL4R,IL4R,NO,YES,GPL17077 GEO platform table
GSE236713,GPL17077,A_33_P3349045,IL4R,IL4R,IL4R,NO,YES,GPL17077 GEO platform table
GSE236713,GPL17077,A_33_P3395947,IL4R,IL4R,IL4R,NO,YES,GPL17077 GEO platform table
GSE236713,GPL17077,A_23_P501822,JUP,JUP,JUP,NO,YES,GPL17077 GEO platform table
GSE236713,GPL17077,A_23_P80902,KIF15,KIF15,KIF15,NO,YES,GPL17077 GEO platform table
GSE236713,GPL17077,A_23_P72503,KLHL2,KLHL2,KLHL2,NO,YES,GPL17077 GEO platform table
GSE236713,GPL17077,A_23_P99275,KLRB1,KLRB1,KLRB1,NO,YES,GPL17077 GEO platform table
GSE236713,GPL17077,A_23_P162846,LAMP1,LAMP1,LAMP1,NO,YES,GPL17077 GEO platform table
GSE236713,GPL17077,A_23_P438,LAX1,LAX1,LAX1,NO,YES,GPL17077 GEO platform table
GSE236713,GPL17077,A_23_P169437,LCN2,LCN2,LCN2,NO,YES,GPL17077 GEO platform table
GSE236713,GPL17077,A_33_P3248265,LTB,LTB,LTB,NO,YES,GPL17077 GEO platform table
GSE236713,GPL17077,A_23_P17345,MAFB,MAFB,MAFB,NO,YES,GPL17077 GEO platform table
GSE236713,GPL17077,A_33_P3220837,MAFB,MAFB,MAFB,NO,YES,GPL17077 GEO platform table
GSE236713,GPL17077,A_23_P145388,MTCH1,MTCH1,MTCH1,NO,YES,GPL17077 GEO platform table
GSE236713,GPL17077,A_33_P3379157,MTCH1,MTCH1,MTCH1,NO,YES,GPL17077 GEO platform table
GSE236713,GPL17077,A_23_P55990,NAPA,NAPA,NAPA,NO,YES,GPL17077 GEO platform table
GSE236713,GPL17077,A_23_P89550,NLRP1,NLRP1,NLRP1,NO,YES,GPL17077 GEO platform table
GSE236713,GPL17077,A_24_P83615,NLRP1,NLRP1,NLRP1,NO,YES,GPL17077 GEO platform table
GSE236713,GPL17077,A_23_P32036,C9orf95,NMRK1,C9orf95,NO,YES,GPL17077 GEO platform table
GSE236713,GPL17077,A_33_P3417260,C9orf95,NMRK1,C9orf95,NO,YES,GPL17077 GEO platform table
GSE236713,GPL17077,A_21_P0004718,NQO2,NQO2,NQO2,NO,YES,GPL17077 GEO platform table
GSE236713,GPL17077,A_23_P58953,NQO2,NQO2,NQO2,NO,YES,GPL17077 GEO platform table
GSE236713,GPL17077,A_33_P3773261,NQO2,NQO2,NQO2,NO,YES,GPL17077 GEO platform table
GSE236713,GPL17077,A_23_P139786,OASL,OASL,OASL,NO,YES,GPL17077 GEO platform table
GSE236713,GPL17077,A_23_P169494,ORM1,ORM1,ORM1,NO,YES,GPL17077 GEO platform table
GSE236713,GPL17077,A_24_P362904,PFKFB4,PFKFB4,PFKFB4,NO,YES,GPL17077 GEO platform table
GSE236713,GPL17077,A_23_P145096,PLA2G7,PLA2G7,PLA2G7,NO,YES,GPL17077 GEO platform table
GSE236713,GPL17077,A_24_P183128,PLAC8,PLAC8,PLAC8,NO,YES,GPL17077 GEO platform table
GSE236713,GPL17077,A_33_P3241989,PLAC8,PLAC8,PLAC8,NO,YES,GPL17077 GEO platform table
GSE236713,GPL17077,A_23_P206059,PRC1,PRC1,PRC1,NO,YES,GPL17077 GEO platform table
GSE236713,GPL17077,A_23_P88278,RPGRIP1,RPGRIP1,RPGRIP1,NO,YES,GPL17077 GEO platform table
GSE236713,GPL17077,A_23_P132515,SIDT1,SIDT1,SIDT1,NO,YES,GPL17077 GEO platform table
GSE236713,GPL17077,A_24_P190472,SLPI,SLPI,SLPI,NO,YES,GPL17077 GEO platform table
GSE236713,GPL17077,A_23_P170587,SMYD2,SMYD2,SMYD2,NO,YES,GPL17077 GEO platform table
GSE236713,GPL17077,A_23_P156327,TGFBI,TGFBI,TGFBI,NO,YES,GPL17077 GEO platform table
GSE236713,GPL17077,A_24_P309415,TMEM123,TMEM123,TMEM123,NO,YES,GPL17077 GEO platform table
GSE236713,GPL17077,A_23_P68106,TMSB10,TMSB10,TMSB10,NO,YES,GPL17077 GEO platform table
GSE236713,GPL17077,A_23_P30435,TNIP1,TNIP1,TNIP1,NO,YES,GPL17077 GEO platform table
GSE236713,GPL17077,A_24_P396753,TRIB2,TRIB2,TRIB2,NO,YES,GPL17077 GEO platform table
GSE236713,GPL17077,A_33_P3325978,TRIB2,TRIB2,TRIB2,NO,YES,GPL17077 GEO platform table
GSE236713,GPL17077,A_23_P60248,TXN,TXN,TXN,NO,YES,GPL17077 GEO platform table
GSE236713,GPL17077,A_23_P141917,TYK2,TYK2,TYK2,NO,YES,GPL17077 GEO platform table
GSE236713,GPL17077,A_23_P75741,UBE2L6,UBE2L6,UBE2L6,NO,YES,GPL17077 GEO platform table
GSE236713,GPL17077,A_23_P39840,VAMP5,VAMP5,VAMP5,NO,YES,GPL17077 GEO platform table
GSE236713,GPL17077,A_33_P3417990,VRK2,VRK2,VRK2,NO,YES,GPL17077 GEO platform table
GSE236713,GPL17077,A_23_P314789,ZDHHC19,ZDHHC19,ZDHHC19,NO,YES,GPL17077 GEO platform table
GSE54514,GPL6947,ILMN_1695590,ADRB2,ADRB2,ADRB2,NO,YES,Illumina HumanHT-12 v3 manifest from GEO raw archive
GSE54514,GPL6947,ILMN_1694548,ANXA3,ANXA3,ANXA3,NO,YES,Illumina HumanHT-12 v3 manifest from GEO raw archive
GSE54514,GPL6947,ILMN_1715068,AQP9,AQP9,AQP9,NO,YES,Illumina HumanHT-12 v3 manifest from GEO raw archive
GSE54514,GPL6947,ILMN_1769566,ATG3,ATG3,ATG3,NO,YES,Illumina HumanHT-12 v3 manifest from GEO raw archive
GSE54514,GPL6947,ILMN_2163732,ATG3,ATG3,ATG3,NO,YES,Illumina HumanHT-12 v3 manifest from GEO raw archive
GSE54514,GPL6947,ILMN_1730867,AZU1,AZU1,AZU1,NO,YES,Illumina HumanHT-12 v3 manifest from GEO raw archive
GSE54514,GPL6947,ILMN_1668822,BATF,BATF,BATF,NO,YES,Illumina HumanHT-12 v3 manifest from GEO raw archive
GSE54514,GPL6947,ILMN_1766169,BCAT1,BCAT1,BCAT1,NO,YES,Illumina HumanHT-12 v3 manifest from GEO raw archive
GSE54514,GPL6947,ILMN_1766541,BCL2L11,BCL2L11,BCL2L11,NO,YES,Illumina HumanHT-12 v3 manifest from GEO raw archive
GSE54514,GPL6947,ILMN_1774997,BCL2L11,BCL2L11,BCL2L11,NO,YES,Illumina HumanHT-12 v3 manifest from GEO raw archive
GSE54514,GPL6947,ILMN_2359627,BCL2L11,BCL2L11,BCL2L11,NO,YES,Illumina HumanHT-12 v3 manifest from GEO raw archive
GSE54514,GPL6947,ILMN_1737314,BCL6,BCL6,BCL6,NO,YES,Illumina HumanHT-12 v3 manifest from GEO raw archive
GSE54514,GPL6947,ILMN_1746053,BCL6,BCL6,BCL6,NO,YES,Illumina HumanHT-12 v3 manifest from GEO raw archive
GSE54514,GPL6947,ILMN_1687743,BTBD7,BTBD7,BTBD7,NO,YES,Illumina HumanHT-12 v3 manifest from GEO raw archive
GSE54514,GPL6947,ILMN_1757298,BTBD7,BTBD7,BTBD7,NO,YES,Illumina HumanHT-12 v3 manifest from GEO raw archive
GSE54514,GPL6947,ILMN_2356745,BTBD7,BTBD7,BTBD7,NO,YES,Illumina HumanHT-12 v3 manifest from GEO raw archive
GSE54514,GPL6947,ILMN_1693145,BUB3,BUB3,BUB3,NO,YES,Illumina HumanHT-12 v3 manifest from GEO raw archive
GSE54514,GPL6947,ILMN_1778764,BUB3,BUB3,BUB3,NO,YES,Illumina HumanHT-12 v3 manifest from GEO raw archive
GSE54514,GPL6947,ILMN_2245180,BUB3,BUB3,BUB3,NO,YES,Illumina HumanHT-12 v3 manifest from GEO raw archive
GSE54514,GPL6947,ILMN_2386100,BUB3,BUB3,BUB3,NO,YES,Illumina HumanHT-12 v3 manifest from GEO raw archive
GSE54514,GPL6947,ILMN_1787529,C3AR1,C3AR1,C3AR1,NO,YES,Illumina HumanHT-12 v3 manifest from GEO raw archive
GSE54514,GPL6947,ILMN_1688580,CAMP,CAMP,CAMP,NO,YES,Illumina HumanHT-12 v3 manifest from GEO raw archive
GSE54514,GPL6947,ILMN_1730332,CASP7,CASP7,CASP7,NO,YES,Illumina HumanHT-12 v3 manifest from GEO raw archive
GSE54514,GPL6947,ILMN_2362974,CASP7,CASP7,CASP7,NO,YES,Illumina HumanHT-12 v3 manifest from GEO raw archive
GSE54514,GPL6947,ILMN_2373763,CASP7,CASP7,CASP7,NO,YES,Illumina HumanHT-12 v3 manifest from GEO raw archive
GSE54514,GPL6947,ILMN_1720048,CCL2,CCL2,CCL2,NO,YES,Illumina HumanHT-12 v3 manifest from GEO raw archive
GSE54514,GPL6947,ILMN_1664330,CEACAM1,CEACAM1,CEACAM1,NO,YES,Illumina HumanHT-12 v3 manifest from GEO raw archive
GSE54514,GPL6947,ILMN_1716815,CEACAM1,CEACAM1,CEACAM1,NO,YES,Illumina HumanHT-12 v3 manifest from GEO raw archive
GSE54514,GPL6947,ILMN_2371724,CEACAM1,CEACAM1,CEACAM1,NO,YES,Illumina HumanHT-12 v3 manifest from GEO raw archive
GSE54514,GPL6947,ILMN_1657455,CEACAM4,CEACAM4,CEACAM4,NO,YES,Illumina HumanHT-12 v3 manifest from GEO raw archive
GSE54514,GPL6947,ILMN_1806056,CEACAM8,CEACAM8,CEACAM8,NO,YES,Illumina HumanHT-12 v3 manifest from GEO raw archive
GSE54514,GPL6947,ILMN_1747016,CEP55,CEP55,CEP55,NO,YES,Illumina HumanHT-12 v3 manifest from GEO raw archive
GSE54514,GPL6947,ILMN_1696360,CTSB,CTSB,CTSB,NO,YES,Illumina HumanHT-12 v3 manifest from GEO raw archive
GSE54514,GPL6947,ILMN_2359742,CTSB,CTSB,CTSB,NO,YES,Illumina HumanHT-12 v3 manifest from GEO raw archive
GSE54514,GPL6947,ILMN_1680424,CTSG,CTSG,CTSG,NO,YES,Illumina HumanHT-12 v3 manifest from GEO raw archive
GSE54514,GPL6947,ILMN_1745788,CX3CR1,CX3CR1,CX3CR1,NO,YES,Illumina HumanHT-12 v3 manifest from GEO raw archive
GSE54514,GPL6947,ILMN_2088437,CX3CR1,CX3CR1,CX3CR1,NO,YES,Illumina HumanHT-12 v3 manifest from GEO raw archive
GSE54514,GPL6947,ILMN_1674640,CXCR6,CXCR6,CXCR6,NO,YES,Illumina HumanHT-12 v3 manifest from GEO raw archive
GSE54514,GPL6947,ILMN_1753347,DEFA4,DEFA4,DEFA4,NO,YES,Illumina HumanHT-12 v3 manifest from GEO raw archive
GSE54514,GPL6947,ILMN_1791211,DOK2,DOK2,DOK2,NO,YES,Illumina HumanHT-12 v3 manifest from GEO raw archive
GSE54514,GPL6947,ILMN_1805903,DOK2,DOK2,DOK2,NO,YES,Illumina HumanHT-12 v3 manifest from GEO raw archive
GSE54514,GPL6947,ILMN_1692225,DOK3,DOK3,DOK3,NO,YES,Illumina HumanHT-12 v3 manifest from GEO raw archive
GSE54514,GPL6947,ILMN_1731180,EXOC2,EXOC2,EXOC2,NO,YES,Illumina HumanHT-12 v3 manifest from GEO raw archive
GSE54514,GPL6947,ILMN_2065783,EXOC2,EXOC2,EXOC2,NO,YES,Illumina HumanHT-12 v3 manifest from GEO raw archive
GSE54514,GPL6947,ILMN_1775542,FAIM3,FAIM3,FAIM3,NO,YES,Illumina HumanHT-12 v3 manifest from GEO raw archive
GSE54514,GPL6947,ILMN_1700733,KIAA1370,FAM214A,KIAA1370,NO,YES,Illumina HumanHT-12 v3 manifest from GEO raw archive
GSE54514,GPL6947,ILMN_2102960,KIAA1370,FAM214A,KIAA1370,NO,YES,Illumina HumanHT-12 v3 manifest from GEO raw archive
GSE54514,GPL6947,ILMN_1652677,FAM89A,FAM89A,FAM89A,NO,YES,Illumina HumanHT-12 v3 manifest from GEO raw archive
GSE54514,GPL6947,ILMN_1710075,FAM89A,FAM89A,FAM89A,NO,YES,Illumina HumanHT-12 v3 manifest from GEO raw archive
GSE54514,GPL6947,ILMN_1712859,FAM89A,FAM89A,FAM89A,NO,YES,Illumina HumanHT-12 v3 manifest from GEO raw archive
GSE54514,GPL6947,ILMN_2285817,FAM89A,FAM89A,FAM89A,NO,YES,Illumina HumanHT-12 v3 manifest from GEO raw archive
GSE54514,GPL6947,ILMN_1773963,GNA15,GNA15,GNA15,NO,YES,Illumina HumanHT-12 v3 manifest from GEO raw archive
GSE54514,GPL6947,ILMN_1769702,GPAA1,GPAA1,GPAA1,NO,YES,Illumina HumanHT-12 v3 manifest from GEO raw archive
GSE54514,GPL6947,ILMN_1670302,HK3,HK3,HK3,NO,YES,Illumina HumanHT-12 v3 manifest from GEO raw archive
GSE54514,GPL6947,ILMN_1749070,HLA-DPB1,HLA-DPB1,HLA-DPB1,NO,YES,Illumina HumanHT-12 v3 manifest from GEO raw archive
GSE54514,GPL6947,ILMN_1781942,HMMR,HMMR,HMMR,NO,YES,Illumina HumanHT-12 v3 manifest from GEO raw archive
GSE54514,GPL6947,ILMN_2409220,HMMR,HMMR,HMMR,NO,YES,Illumina HumanHT-12 v3 manifest from GEO raw archive
GSE54514,GPL6947,ILMN_1791306,C9orf103,IDNK,C9orf103,NO,YES,Illumina HumanHT-12 v3 manifest from GEO raw archive
GSE54514,GPL6947,ILMN_2058782,IFI27,IFI27,IFI27,NO,YES,Illumina HumanHT-12 v3 manifest from GEO raw archive
GSE54514,GPL6947,ILMN_1723912,IFI44L,IFI44L,IFI44L,NO,YES,Illumina HumanHT-12 v3 manifest from GEO raw archive
GSE54514,GPL6947,ILMN_1652185,IL4R,IL4R,IL4R,NO,YES,Illumina HumanHT-12 v3 manifest from GEO raw archive
GSE54514,GPL6947,ILMN_1691881,IL4R,IL4R,IL4R,NO,YES,Illumina HumanHT-12 v3 manifest from GEO raw archive
GSE54514,GPL6947,ILMN_1733811,JUP,JUP,JUP,NO,YES,Illumina HumanHT-12 v3 manifest from GEO raw archive
GSE54514,GPL6947,ILMN_1741970,JUP,JUP,JUP,NO,YES,Illumina HumanHT-12 v3 manifest from GEO raw archive
GSE54514,GPL6947,ILMN_2366864,JUP,JUP,JUP,NO,YES,Illumina HumanHT-12 v3 manifest from GEO raw archive
GSE54514,GPL6947,ILMN_1753063,KIF15,KIF15,KIF15,NO,YES,Illumina HumanHT-12 v3 manifest from GEO raw archive
GSE54514,GPL6947,ILMN_1701837,KLHL2,KLHL2,KLHL2,NO,YES,Illumina HumanHT-12 v3 manifest from GEO raw archive
GSE54514,GPL6947,ILMN_2079655,KLRB1,KLRB1,KLRB1,NO,YES,Illumina HumanHT-12 v3 manifest from GEO raw archive
GSE54514,GPL6947,ILMN_1782292,LAMP1,LAMP1,LAMP1,NO,YES,Illumina HumanHT-12 v3 manifest from GEO raw archive
GSE54514,GPL6947,ILMN_1769782,LAX1,LAX1,LAX1,NO,YES,Illumina HumanHT-12 v3 manifest from GEO raw archive
GSE54514,GPL6947,ILMN_1692223,LCN2,LCN2,LCN2,NO,YES,Illumina HumanHT-12 v3 manifest from GEO raw archive
GSE54514,GPL6947,ILMN_2376204,LTB,LTB,LTB,NO,YES,Illumina HumanHT-12 v3 manifest from GEO raw archive
GSE54514,GPL6947,ILMN_2376205,LTB,LTB,LTB,NO,YES,Illumina HumanHT-12 v3 manifest from GEO raw archive
GSE54514,GPL6947,ILMN_1764709,MAFB,MAFB,MAFB,NO,YES,Illumina HumanHT-12 v3 manifest from GEO raw archive
GSE54514,GPL6947,ILMN_1703006,MTCH1,MTCH1,MTCH1,NO,YES,Illumina HumanHT-12 v3 manifest from GEO raw archive
GSE54514,GPL6947,ILMN_1713285,NAPA,NAPA,NAPA,NO,YES,Illumina HumanHT-12 v3 manifest from GEO raw archive
GSE54514,GPL6947,ILMN_1810045,NLRP1,NLRP1,NLRP1,NO,YES,Illumina HumanHT-12 v3 manifest from GEO raw archive
GSE54514,GPL6947,ILMN_2313079,NLRP1,NLRP1,NLRP1,NO,YES,Illumina HumanHT-12 v3 manifest from GEO raw archive
GSE54514,GPL6947,ILMN_1674650,C9orf95,NMRK1,C9orf95,NO,YES,Illumina HumanHT-12 v3 manifest from GEO raw archive
GSE54514,GPL6947,ILMN_1712918,NQO2,NQO2,NQO2,NO,YES,Illumina HumanHT-12 v3 manifest from GEO raw archive
GSE54514,GPL6947,ILMN_1674811,OASL,OASL,OASL,NO,YES,Illumina HumanHT-12 v3 manifest from GEO raw archive
GSE54514,GPL6947,ILMN_1681721,OASL,OASL,OASL,NO,YES,Illumina HumanHT-12 v3 manifest from GEO raw archive
GSE54514,GPL6947,ILMN_1696584,ORM1,ORM1,ORM1,NO,YES,Illumina HumanHT-12 v3 manifest from GEO raw archive
GSE54514,GPL6947,ILMN_1653292,PFKFB4,PFKFB4,PFKFB4,NO,YES,Illumina HumanHT-12 v3 manifest from GEO raw archive
GSE54514,GPL6947,ILMN_1701195,PLA2G7,PLA2G7,PLA2G7,NO,YES,Illumina HumanHT-12 v3 manifest from GEO raw archive
GSE54514,GPL6947,ILMN_1653026,PLAC8,PLAC8,PLAC8,NO,YES,Illumina HumanHT-12 v3 manifest from GEO raw archive
GSE54514,GPL6947,ILMN_2093343,PLAC8,PLAC8,PLAC8,NO,YES,Illumina HumanHT-12 v3 manifest from GEO raw archive
GSE54514,GPL6947,ILMN_1728934,PRC1,PRC1,PRC1,NO,YES,Illumina HumanHT-12 v3 manifest from GEO raw archive
GSE54514,GPL6947,ILMN_1803739,RPGRIP1,RPGRIP1,RPGRIP1,NO,YES,Illumina HumanHT-12 v3 manifest from GEO raw archive
GSE54514,GPL6947,ILMN_1795118,SIDT1,SIDT1,SIDT1,NO,YES,Illumina HumanHT-12 v3 manifest from GEO raw archive
GSE54514,GPL6947,ILMN_2114720,SLPI,SLPI,SLPI,NO,YES,Illumina HumanHT-12 v3 manifest from GEO raw archive
GSE54514,GPL6947,ILMN_1670503,SMYD2,SMYD2,SMYD2,NO,YES,Illumina HumanHT-12 v3 manifest from GEO raw archive
GSE54514,GPL6947,ILMN_1721605,SMYD2,SMYD2,SMYD2,NO,YES,Illumina HumanHT-12 v3 manifest from GEO raw archive
GSE54514,GPL6947,ILMN_1663866,TGFBI,TGFBI,TGFBI,NO,YES,Illumina HumanHT-12 v3 manifest from GEO raw archive
GSE54514,GPL6947,ILMN_1724139,TMEM123,TMEM123,TMEM123,NO,YES,Illumina HumanHT-12 v3 manifest from GEO raw archive
GSE54514,GPL6947,ILMN_1812392,TMSB10,TMSB10,TMSB10,NO,YES,Illumina HumanHT-12 v3 manifest from GEO raw archive
GSE54514,GPL6947,ILMN_1703650,TNIP1,TNIP1,TNIP1,NO,YES,Illumina HumanHT-12 v3 manifest from GEO raw archive
GSE54514,GPL6947,ILMN_1714700,TRIB2,TRIB2,TRIB2,NO,YES,Illumina HumanHT-12 v3 manifest from GEO raw archive
GSE54514,GPL6947,ILMN_1680314,TXN,TXN,TXN,NO,YES,Illumina HumanHT-12 v3 manifest from GEO raw archive
GSE54514,GPL6947,ILMN_2038776,TXN,TXN,TXN,NO,YES,Illumina HumanHT-12 v3 manifest from GEO raw archive
GSE54514,GPL6947,ILMN_1676955,TYK2,TYK2,TYK2,NO,YES,Illumina HumanHT-12 v3 manifest from GEO raw archive
GSE54514,GPL6947,ILMN_1703108,UBE2L6,UBE2L6,UBE2L6,NO,YES,Illumina HumanHT-12 v3 manifest from GEO raw archive
GSE54514,GPL6947,ILMN_1769520,UBE2L6,UBE2L6,UBE2L6,NO,YES,Illumina HumanHT-12 v3 manifest from GEO raw archive
GSE54514,GPL6947,ILMN_2252495,UBE2L6,UBE2L6,UBE2L6,NO,YES,Illumina HumanHT-12 v3 manifest from GEO raw archive
GSE54514,GPL6947,ILMN_1809467,VAMP5,VAMP5,VAMP5,NO,YES,Illumina HumanHT-12 v3 manifest from GEO raw archive
GSE54514,GPL6947,ILMN_1750088,VRK2,VRK2,VRK2,NO,YES,Illumina HumanHT-12 v3 manifest from GEO raw archive
GSE54514,GPL6947,ILMN_1766896,ZDHHC19,ZDHHC19,ZDHHC19,NO,YES,Illumina HumanHT-12 v3 manifest from GEO raw archive
GSE57065,GPL570,206170_at,ADRB2,ADRB2,ADRB2,NO,YES,GPL570 GEO annotation release 2016-08-09
GSE57065,GPL570,209369_at,ANXA3,ANXA3,ANXA3,NO,YES,GPL570 GEO annotation release 2016-08-09
GSE57065,GPL570,205568_at,AQP9,AQP9,AQP9,NO,YES,GPL570 GEO annotation release 2016-08-09
GSE57065,GPL570,220237_at,ATG3,ATG3,ATG3,NO,YES,GPL570 GEO annotation release 2016-08-09
GSE57065,GPL570,221492_s_at,ATG3,ATG3,ATG3,NO,YES,GPL570 GEO annotation release 2016-08-09
GSE57065,GPL570,214575_s_at,AZU1,AZU1,AZU1,NO,YES,GPL570 GEO annotation release 2016-08-09
GSE57065,GPL570,205965_at,BATF,BATF,BATF,NO,YES,GPL570 GEO annotation release 2016-08-09
GSE57065,GPL570,214390_s_at,BCAT1,BCAT1,BCAT1,NO,YES,GPL570 GEO annotation release 2016-08-09
GSE57065,GPL570,214452_at,BCAT1,BCAT1,BCAT1,NO,YES,GPL570 GEO annotation release 2016-08-09
GSE57065,GPL570,225285_at,BCAT1,BCAT1,BCAT1,NO,YES,GPL570 GEO annotation release 2016-08-09
GSE57065,GPL570,226517_at,BCAT1,BCAT1,BCAT1,NO,YES,GPL570 GEO annotation release 2016-08-09
GSE57065,GPL570,1553088_a_at,BCL2L11,BCL2L11,BCL2L11,NO,YES,GPL570 GEO annotation release 2016-08-09
GSE57065,GPL570,1553096_s_at,BCL2L11,BCL2L11,BCL2L11,NO,YES,GPL570 GEO annotation release 2016-08-09
GSE57065,GPL570,1555372_at,BCL2L11,BCL2L11,BCL2L11,NO,YES,GPL570 GEO annotation release 2016-08-09
GSE57065,GPL570,1558143_a_at,BCL2L11,BCL2L11,BCL2L11,NO,YES,GPL570 GEO annotation release 2016-08-09
GSE57065,GPL570,208536_s_at,BCL2L11,BCL2L11,BCL2L11,NO,YES,GPL570 GEO annotation release 2016-08-09
GSE57065,GPL570,222343_at,BCL2L11,BCL2L11,BCL2L11,NO,YES,GPL570 GEO annotation release 2016-08-09
GSE57065,GPL570,225606_at,BCL2L11,BCL2L11,BCL2L11,NO,YES,GPL570 GEO annotation release 2016-08-09
GSE57065,GPL570,203140_at,BCL6,BCL6,BCL6,NO,YES,GPL570 GEO annotation release 2016-08-09
GSE57065,GPL570,215990_s_at,BCL6,BCL6,BCL6,NO,YES,GPL570 GEO annotation release 2016-08-09
GSE57065,GPL570,228758_at,BCL6,BCL6,BCL6,NO,YES,GPL570 GEO annotation release 2016-08-09
GSE57065,GPL570,1556000_s_at,BTBD7,BTBD7,BTBD7,NO,YES,GPL570 GEO annotation release 2016-08-09
GSE57065,GPL570,217141_at,BTBD7,BTBD7,BTBD7,NO,YES,GPL570 GEO annotation release 2016-08-09
GSE57065,GPL570,220297_at,BTBD7,BTBD7,BTBD7,NO,YES,GPL570 GEO annotation release 2016-08-09
GSE57065,GPL570,224943_at,BTBD7,BTBD7,BTBD7,NO,YES,GPL570 GEO annotation release 2016-08-09
GSE57065,GPL570,224945_at,BTBD7,BTBD7,BTBD7,NO,YES,GPL570 GEO annotation release 2016-08-09
GSE57065,GPL570,201456_s_at,BUB3,BUB3,BUB3,NO,YES,GPL570 GEO annotation release 2016-08-09
GSE57065,GPL570,201457_x_at,BUB3,BUB3,BUB3,NO,YES,GPL570 GEO annotation release 2016-08-09
GSE57065,GPL570,201458_s_at,BUB3,BUB3,BUB3,NO,YES,GPL570 GEO annotation release 2016-08-09
GSE57065,GPL570,209974_s_at,BUB3,BUB3,BUB3,NO,YES,GPL570 GEO annotation release 2016-08-09
GSE57065,GPL570,229827_at,BUB3,BUB3,BUB3,NO,YES,GPL570 GEO annotation release 2016-08-09
GSE57065,GPL570,237245_at,BUB3,BUB3,BUB3,NO,YES,GPL570 GEO annotation release 2016-08-09
GSE57065,GPL570,209906_at,C3AR1,C3AR1,C3AR1,NO,YES,GPL570 GEO annotation release 2016-08-09
GSE57065,GPL570,210244_at,CAMP,CAMP,CAMP,NO,YES,GPL570 GEO annotation release 2016-08-09
GSE57065,GPL570,207181_s_at,CASP7,CASP7,CASP7,NO,YES,GPL570 GEO annotation release 2016-08-09
GSE57065,GPL570,216598_s_at,CCL2,CCL2,CCL2,NO,YES,GPL570 GEO annotation release 2016-08-09
GSE57065,GPL570,206576_s_at,CEACAM1,CEACAM1,CEACAM1,NO,YES,GPL570 GEO annotation release 2016-08-09
GSE57065,GPL570,209498_at,CEACAM1,CEACAM1,CEACAM1,NO,YES,GPL570 GEO annotation release 2016-08-09
GSE57065,GPL570,210610_at,CEACAM1,CEACAM1,CEACAM1,NO,YES,GPL570 GEO annotation release 2016-08-09
GSE57065,GPL570,211883_x_at,CEACAM1,CEACAM1,CEACAM1,NO,YES,GPL570 GEO annotation release 2016-08-09
GSE57065,GPL570,211889_x_at,CEACAM1,CEACAM1,CEACAM1,NO,YES,GPL570 GEO annotation release 2016-08-09
GSE57065,GPL570,207205_at,CEACAM4,CEACAM4,CEACAM4,NO,YES,GPL570 GEO annotation release 2016-08-09
GSE57065,GPL570,206676_at,CEACAM8,CEACAM8,CEACAM8,NO,YES,GPL570 GEO annotation release 2016-08-09
GSE57065,GPL570,218542_at,CEP55,CEP55,CEP55,NO,YES,GPL570 GEO annotation release 2016-08-09
GSE57065,GPL570,200838_at,CTSB,CTSB,CTSB,NO,YES,GPL570 GEO annotation release 2016-08-09
GSE57065,GPL570,200839_s_at,CTSB,CTSB,CTSB,NO,YES,GPL570 GEO annotation release 2016-08-09
GSE57065,GPL570,213274_s_at,CTSB,CTSB,CTSB,NO,YES,GPL570 GEO annotation release 2016-08-09
GSE57065,GPL570,213275_x_at,CTSB,CTSB,CTSB,NO,YES,GPL570 GEO annotation release 2016-08-09
GSE57065,GPL570,227961_at,CTSB,CTSB,CTSB,NO,YES,GPL570 GEO annotation release 2016-08-09
GSE57065,GPL570,205653_at,CTSG,CTSG,CTSG,NO,YES,GPL570 GEO annotation release 2016-08-09
GSE57065,GPL570,1568934_at,CX3CR1,CX3CR1,CX3CR1,NO,YES,GPL570 GEO annotation release 2016-08-09
GSE57065,GPL570,205898_at,CX3CR1,CX3CR1,CX3CR1,NO,YES,GPL570 GEO annotation release 2016-08-09
GSE57065,GPL570,206974_at,CXCR6,CXCR6,CXCR6,NO,YES,GPL570 GEO annotation release 2016-08-09
GSE57065,GPL570,211469_s_at,CXCR6,CXCR6,CXCR6,NO,YES,GPL570 GEO annotation release 2016-08-09
GSE57065,GPL570,207269_at,DEFA4,DEFA4,DEFA4,NO,YES,GPL570 GEO annotation release 2016-08-09
GSE57065,GPL570,214054_at,DOK2,DOK2,DOK2,NO,YES,GPL570 GEO annotation release 2016-08-09
GSE57065,GPL570,220320_at,DOK3,DOK3,DOK3,NO,YES,GPL570 GEO annotation release 2016-08-09
GSE57065,GPL570,223553_s_at,DOK3,DOK3,DOK3,NO,YES,GPL570 GEO annotation release 2016-08-09
GSE57065,GPL570,219349_s_at,EXOC2,EXOC2,EXOC2,NO,YES,GPL570 GEO annotation release 2016-08-09
GSE57065,GPL570,226270_at,EXOC2,EXOC2,EXOC2,NO,YES,GPL570 GEO annotation release 2016-08-09
GSE57065,GPL570,221601_s_at,FCMR,FAIM3,FCMR,NO,YES,GPL570 GEO annotation release 2016-08-09
GSE57065,GPL570,221602_s_at,FCMR,FAIM3,FCMR,NO,YES,GPL570 GEO annotation release 2016-08-09
GSE57065,GPL570,225327_at,FAM214A,FAM214A,FAM214A,NO,YES,GPL570 GEO annotation release 2016-08-09
GSE57065,GPL570,235193_at,FAM214A,FAM214A,FAM214A,NO,YES,GPL570 GEO annotation release 2016-08-09
GSE57065,GPL570,226448_at,MIR1182///FAM89A,FAM89A,MIR1182///FAM89A,NO,YES,GPL570 GEO annotation release 2016-08-09
GSE57065,GPL570,205349_at,GNA15,GNA15,GNA15,NO,YES,GPL570 GEO annotation release 2016-08-09
GSE57065,GPL570,201618_x_at,GPAA1,GPAA1,GPAA1,NO,YES,GPL570 GEO annotation release 2016-08-09
GSE57065,GPL570,211060_x_at,GPAA1,GPAA1,GPAA1,NO,YES,GPL570 GEO annotation release 2016-08-09
GSE57065,GPL570,215690_x_at,GPAA1,GPAA1,GPAA1,NO,YES,GPL570 GEO annotation release 2016-08-09
GSE57065,GPL570,205936_s_at,HK3,HK3,HK3,NO,YES,GPL570 GEO annotation release 2016-08-09
GSE57065,GPL570,201137_s_at,HLA-DPB1,HLA-DPB1,HLA-DPB1,NO,YES,GPL570 GEO annotation release 2016-08-09
GSE57065,GPL570,244485_at,HLA-DPB1,HLA-DPB1,HLA-DPB1,NO,YES,GPL570 GEO annotation release 2016-08-09
GSE57065,GPL570,207165_at,HMMR,HMMR,HMMR,NO,YES,GPL570 GEO annotation release 2016-08-09
GSE57065,GPL570,209709_s_at,HMMR,HMMR,HMMR,NO,YES,GPL570 GEO annotation release 2016-08-09
GSE57065,GPL570,227865_at,IDNK,IDNK,IDNK,NO,YES,GPL570 GEO annotation release 2016-08-09
GSE57065,GPL570,239086_at,IDNK,IDNK,IDNK,NO,YES,GPL570 GEO annotation release 2016-08-09
GSE57065,GPL570,202411_at,IFI27,IFI27,IFI27,NO,YES,GPL570 GEO annotation release 2016-08-09
GSE57065,GPL570,204439_at,IFI44L,IFI44L,IFI44L,NO,YES,GPL570 GEO annotation release 2016-08-09
GSE57065,GPL570,203233_at,IL4R,IL4R,IL4R,NO,YES,GPL570 GEO annotation release 2016-08-09
GSE57065,GPL570,201015_s_at,JUP,JUP,JUP,NO,YES,GPL570 GEO annotation release 2016-08-09
GSE57065,GPL570,205157_s_at,KRT17///JUP,JUP,KRT17///JUP,NO,YES,GPL570 GEO annotation release 2016-08-09
GSE57065,GPL570,212236_x_at,KRT17///JUP,JUP,KRT17///JUP,NO,YES,GPL570 GEO annotation release 2016-08-09
GSE57065,GPL570,219306_at,KIF15,KIF15,KIF15,NO,YES,GPL570 GEO annotation release 2016-08-09
GSE57065,GPL570,219157_at,KLHL2,KLHL2,KLHL2,NO,YES,GPL570 GEO annotation release 2016-08-09
GSE57065,GPL570,214470_at,KLRB1,KLRB1,KLRB1,NO,YES,GPL570 GEO annotation release 2016-08-09
GSE57065,GPL570,201551_s_at,LAMP1,LAMP1,LAMP1,NO,YES,GPL570 GEO annotation release 2016-08-09
GSE57065,GPL570,201552_at,LAMP1,LAMP1,LAMP1,NO,YES,GPL570 GEO annotation release 2016-08-09
GSE57065,GPL570,201553_s_at,LAMP1,LAMP1,LAMP1,NO,YES,GPL570 GEO annotation release 2016-08-09
GSE57065,GPL570,213728_at,LAMP1,LAMP1,LAMP1,NO,YES,GPL570 GEO annotation release 2016-08-09
GSE57065,GPL570,207734_at,LAX1,LAX1,LAX1,NO,YES,GPL570 GEO annotation release 2016-08-09
GSE57065,GPL570,212531_at,LCN2,LCN2,LCN2,NO,YES,GPL570 GEO annotation release 2016-08-09
GSE57065,GPL570,1559754_at,LTB,LTB,LTB,NO,YES,GPL570 GEO annotation release 2016-08-09
GSE57065,GPL570,207339_s_at,LTB,LTB,LTB,NO,YES,GPL570 GEO annotation release 2016-08-09
GSE57065,GPL570,218559_s_at,MAFB,MAFB,MAFB,NO,YES,GPL570 GEO annotation release 2016-08-09
GSE57065,GPL570,222670_s_at,MAFB,MAFB,MAFB,NO,YES,GPL570 GEO annotation release 2016-08-09
GSE57065,GPL570,221619_s_at,MTCH1,MTCH1,MTCH1,NO,YES,GPL570 GEO annotation release 2016-08-09
GSE57065,GPL570,206491_s_at,NAPA,NAPA,NAPA,NO,YES,GPL570 GEO annotation release 2016-08-09
GSE57065,GPL570,208751_at,NAPA,NAPA,NAPA,NO,YES,GPL570 GEO annotation release 2016-08-09
GSE57065,GPL570,1562256_at,NLRP1,NLRP1,NLRP1,NO,YES,GPL570 GEO annotation release 2016-08-09
GSE57065,GPL570,1562257_x_at,NLRP1,NLRP1,NLRP1,NO,YES,GPL570 GEO annotation release 2016-08-09
GSE57065,GPL570,210113_s_at,NLRP1,NLRP1,NLRP1,NO,YES,GPL570 GEO annotation release 2016-08-09
GSE57065,GPL570,211822_s_at,NLRP1,NLRP1,NLRP1,NO,YES,GPL570 GEO annotation release 2016-08-09
GSE57065,GPL570,211824_x_at,NLRP1,NLRP1,NLRP1,NO,YES,GPL570 GEO annotation release 2016-08-09
GSE57065,GPL570,1562761_at,NMRK1,NMRK1,NMRK1,NO,YES,GPL570 GEO annotation release 2016-08-09
GSE57065,GPL570,219147_s_at,NMRK1,NMRK1,NMRK1,NO,YES,GPL570 GEO annotation release 2016-08-09
GSE57065,GPL570,203814_s_at,NQO2,NQO2,NQO2,NO,YES,GPL570 GEO annotation release 2016-08-09
GSE57065,GPL570,237870_at,NQO2,NQO2,NQO2,NO,YES,GPL570 GEO annotation release 2016-08-09
GSE57065,GPL570,205660_at,OASL,OASL,OASL,NO,YES,GPL570 GEO annotation release 2016-08-09
GSE57065,GPL570,210797_s_at,OASL,OASL,OASL,NO,YES,GPL570 GEO annotation release 2016-08-09
GSE57065,GPL570,205040_at,ORM1,ORM1,ORM1,NO,YES,GPL570 GEO annotation release 2016-08-09
GSE57065,GPL570,205041_s_at,ORM2///ORM1,ORM1,ORM2///ORM1,NO,YES,GPL570 GEO annotation release 2016-08-09
GSE57065,GPL570,214465_at,ORM2///ORM1,ORM1,ORM2///ORM1,NO,YES,GPL570 GEO annotation release 2016-08-09
GSE57065,GPL570,206246_at,PFKFB4,PFKFB4,PFKFB4,NO,YES,GPL570 GEO annotation release 2016-08-09
GSE57065,GPL570,228499_at,PFKFB4,PFKFB4,PFKFB4,NO,YES,GPL570 GEO annotation release 2016-08-09
GSE57065,GPL570,206214_at,PLA2G7,PLA2G7,PLA2G7,NO,YES,GPL570 GEO annotation release 2016-08-09
GSE57065,GPL570,219014_at,PLAC8,PLAC8,PLAC8,NO,YES,GPL570 GEO annotation release 2016-08-09
GSE57065,GPL570,218009_s_at,PRC1,PRC1,PRC1,NO,YES,GPL570 GEO annotation release 2016-08-09
GSE57065,GPL570,206608_s_at,RPGRIP1,RPGRIP1,RPGRIP1,NO,YES,GPL570 GEO annotation release 2016-08-09
GSE57065,GPL570,219734_at,SIDT1,SIDT1,SIDT1,NO,YES,GPL570 GEO annotation release 2016-08-09
GSE57065,GPL570,203021_at,SLPI,SLPI,SLPI,NO,YES,GPL570 GEO annotation release 2016-08-09
GSE57065,GPL570,212921_at,SMYD2,SMYD2,SMYD2,NO,YES,GPL570 GEO annotation release 2016-08-09
GSE57065,GPL570,212922_s_at,SMYD2,SMYD2,SMYD2,NO,YES,GPL570 GEO annotation release 2016-08-09
GSE57065,GPL570,243288_at,SMYD2,SMYD2,SMYD2,NO,YES,GPL570 GEO annotation release 2016-08-09
GSE57065,GPL570,201506_at,TGFBI,TGFBI,TGFBI,NO,YES,GPL570 GEO annotation release 2016-08-09
GSE57065,GPL570,211967_at,TMEM123,TMEM123,TMEM123,NO,YES,GPL570 GEO annotation release 2016-08-09
GSE57065,GPL570,217733_s_at,TMSB10,TMSB10,TMSB10,NO,YES,GPL570 GEO annotation release 2016-08-09
GSE57065,GPL570,207196_s_at,TNIP1,TNIP1,TNIP1,NO,YES,GPL570 GEO annotation release 2016-08-09
GSE57065,GPL570,243423_at,TNIP1,TNIP1,TNIP1,NO,YES,GPL570 GEO annotation release 2016-08-09
GSE57065,GPL570,202478_at,TRIB2,TRIB2,TRIB2,NO,YES,GPL570 GEO annotation release 2016-08-09
GSE57065,GPL570,202479_s_at,TRIB2,TRIB2,TRIB2,NO,YES,GPL570 GEO annotation release 2016-08-09
GSE57065,GPL570,208864_s_at,TXN,TXN,TXN,NO,YES,GPL570 GEO annotation release 2016-08-09
GSE57065,GPL570,216609_at,TXN,TXN,TXN,NO,YES,GPL570 GEO annotation release 2016-08-09
GSE57065,GPL570,205546_s_at,TYK2,TYK2,TYK2,NO,YES,GPL570 GEO annotation release 2016-08-09
GSE57065,GPL570,201649_at,UBE2L6,UBE2L6,UBE2L6,NO,YES,GPL570 GEO annotation release 2016-08-09
GSE57065,GPL570,204929_s_at,VAMP5,VAMP5,VAMP5,NO,YES,GPL570 GEO annotation release 2016-08-09
GSE57065,GPL570,214115_at,VAMP5,VAMP5,VAMP5,NO,YES,GPL570 GEO annotation release 2016-08-09
GSE57065,GPL570,205126_at,VRK2,VRK2,VRK2,NO,YES,GPL570 GEO annotation release 2016-08-09
GSE57065,GPL570,1553952_at,ZDHHC19,ZDHHC19,ZDHHC19,NO,YES,GPL570 GEO annotation release 2016-08-09
GSE57065,GPL570,231122_x_at,ZDHHC19,ZDHHC19,ZDHHC19,NO,YES,GPL570 GEO annotation release 2016-08-09
GSE8121,GPL570,206170_at,ADRB2,ADRB2,ADRB2,NO,YES,GPL570 GEO annotation release 2016-08-09
GSE8121,GPL570,209369_at,ANXA3,ANXA3,ANXA3,NO,YES,GPL570 GEO annotation release 2016-08-09
GSE8121,GPL570,205568_at,AQP9,AQP9,AQP9,NO,YES,GPL570 GEO annotation release 2016-08-09
GSE8121,GPL570,220237_at,ATG3,ATG3,ATG3,NO,YES,GPL570 GEO annotation release 2016-08-09
GSE8121,GPL570,221492_s_at,ATG3,ATG3,ATG3,NO,YES,GPL570 GEO annotation release 2016-08-09
GSE8121,GPL570,214575_s_at,AZU1,AZU1,AZU1,NO,YES,GPL570 GEO annotation release 2016-08-09
GSE8121,GPL570,205965_at,BATF,BATF,BATF,NO,YES,GPL570 GEO annotation release 2016-08-09
GSE8121,GPL570,214390_s_at,BCAT1,BCAT1,BCAT1,NO,YES,GPL570 GEO annotation release 2016-08-09
GSE8121,GPL570,214452_at,BCAT1,BCAT1,BCAT1,NO,YES,GPL570 GEO annotation release 2016-08-09
GSE8121,GPL570,225285_at,BCAT1,BCAT1,BCAT1,NO,YES,GPL570 GEO annotation release 2016-08-09
GSE8121,GPL570,226517_at,BCAT1,BCAT1,BCAT1,NO,YES,GPL570 GEO annotation release 2016-08-09
GSE8121,GPL570,1553088_a_at,BCL2L11,BCL2L11,BCL2L11,NO,YES,GPL570 GEO annotation release 2016-08-09
GSE8121,GPL570,1553096_s_at,BCL2L11,BCL2L11,BCL2L11,NO,YES,GPL570 GEO annotation release 2016-08-09
GSE8121,GPL570,1555372_at,BCL2L11,BCL2L11,BCL2L11,NO,YES,GPL570 GEO annotation release 2016-08-09
GSE8121,GPL570,1558143_a_at,BCL2L11,BCL2L11,BCL2L11,NO,YES,GPL570 GEO annotation release 2016-08-09
GSE8121,GPL570,208536_s_at,BCL2L11,BCL2L11,BCL2L11,NO,YES,GPL570 GEO annotation release 2016-08-09
GSE8121,GPL570,222343_at,BCL2L11,BCL2L11,BCL2L11,NO,YES,GPL570 GEO annotation release 2016-08-09
GSE8121,GPL570,225606_at,BCL2L11,BCL2L11,BCL2L11,NO,YES,GPL570 GEO annotation release 2016-08-09
GSE8121,GPL570,203140_at,BCL6,BCL6,BCL6,NO,YES,GPL570 GEO annotation release 2016-08-09
GSE8121,GPL570,215990_s_at,BCL6,BCL6,BCL6,NO,YES,GPL570 GEO annotation release 2016-08-09
GSE8121,GPL570,228758_at,BCL6,BCL6,BCL6,NO,YES,GPL570 GEO annotation release 2016-08-09
GSE8121,GPL570,1556000_s_at,BTBD7,BTBD7,BTBD7,NO,YES,GPL570 GEO annotation release 2016-08-09
GSE8121,GPL570,217141_at,BTBD7,BTBD7,BTBD7,NO,YES,GPL570 GEO annotation release 2016-08-09
GSE8121,GPL570,220297_at,BTBD7,BTBD7,BTBD7,NO,YES,GPL570 GEO annotation release 2016-08-09
GSE8121,GPL570,224943_at,BTBD7,BTBD7,BTBD7,NO,YES,GPL570 GEO annotation release 2016-08-09
GSE8121,GPL570,224945_at,BTBD7,BTBD7,BTBD7,NO,YES,GPL570 GEO annotation release 2016-08-09
GSE8121,GPL570,201456_s_at,BUB3,BUB3,BUB3,NO,YES,GPL570 GEO annotation release 2016-08-09
GSE8121,GPL570,201457_x_at,BUB3,BUB3,BUB3,NO,YES,GPL570 GEO annotation release 2016-08-09
GSE8121,GPL570,201458_s_at,BUB3,BUB3,BUB3,NO,YES,GPL570 GEO annotation release 2016-08-09
GSE8121,GPL570,209974_s_at,BUB3,BUB3,BUB3,NO,YES,GPL570 GEO annotation release 2016-08-09
GSE8121,GPL570,229827_at,BUB3,BUB3,BUB3,NO,YES,GPL570 GEO annotation release 2016-08-09
GSE8121,GPL570,237245_at,BUB3,BUB3,BUB3,NO,YES,GPL570 GEO annotation release 2016-08-09
GSE8121,GPL570,209906_at,C3AR1,C3AR1,C3AR1,NO,YES,GPL570 GEO annotation release 2016-08-09
GSE8121,GPL570,210244_at,CAMP,CAMP,CAMP,NO,YES,GPL570 GEO annotation release 2016-08-09
GSE8121,GPL570,207181_s_at,CASP7,CASP7,CASP7,NO,YES,GPL570 GEO annotation release 2016-08-09
GSE8121,GPL570,216598_s_at,CCL2,CCL2,CCL2,NO,YES,GPL570 GEO annotation release 2016-08-09
GSE8121,GPL570,206576_s_at,CEACAM1,CEACAM1,CEACAM1,NO,YES,GPL570 GEO annotation release 2016-08-09
GSE8121,GPL570,209498_at,CEACAM1,CEACAM1,CEACAM1,NO,YES,GPL570 GEO annotation release 2016-08-09
GSE8121,GPL570,210610_at,CEACAM1,CEACAM1,CEACAM1,NO,YES,GPL570 GEO annotation release 2016-08-09
GSE8121,GPL570,211883_x_at,CEACAM1,CEACAM1,CEACAM1,NO,YES,GPL570 GEO annotation release 2016-08-09
GSE8121,GPL570,211889_x_at,CEACAM1,CEACAM1,CEACAM1,NO,YES,GPL570 GEO annotation release 2016-08-09
GSE8121,GPL570,207205_at,CEACAM4,CEACAM4,CEACAM4,NO,YES,GPL570 GEO annotation release 2016-08-09
GSE8121,GPL570,206676_at,CEACAM8,CEACAM8,CEACAM8,NO,YES,GPL570 GEO annotation release 2016-08-09
GSE8121,GPL570,218542_at,CEP55,CEP55,CEP55,NO,YES,GPL570 GEO annotation release 2016-08-09
GSE8121,GPL570,200838_at,CTSB,CTSB,CTSB,NO,YES,GPL570 GEO annotation release 2016-08-09
GSE8121,GPL570,200839_s_at,CTSB,CTSB,CTSB,NO,YES,GPL570 GEO annotation release 2016-08-09
GSE8121,GPL570,213274_s_at,CTSB,CTSB,CTSB,NO,YES,GPL570 GEO annotation release 2016-08-09
GSE8121,GPL570,213275_x_at,CTSB,CTSB,CTSB,NO,YES,GPL570 GEO annotation release 2016-08-09
GSE8121,GPL570,227961_at,CTSB,CTSB,CTSB,NO,YES,GPL570 GEO annotation release 2016-08-09
GSE8121,GPL570,205653_at,CTSG,CTSG,CTSG,NO,YES,GPL570 GEO annotation release 2016-08-09
GSE8121,GPL570,1568934_at,CX3CR1,CX3CR1,CX3CR1,NO,YES,GPL570 GEO annotation release 2016-08-09
GSE8121,GPL570,205898_at,CX3CR1,CX3CR1,CX3CR1,NO,YES,GPL570 GEO annotation release 2016-08-09
GSE8121,GPL570,206974_at,CXCR6,CXCR6,CXCR6,NO,YES,GPL570 GEO annotation release 2016-08-09
GSE8121,GPL570,211469_s_at,CXCR6,CXCR6,CXCR6,NO,YES,GPL570 GEO annotation release 2016-08-09
GSE8121,GPL570,207269_at,DEFA4,DEFA4,DEFA4,NO,YES,GPL570 GEO annotation release 2016-08-09
GSE8121,GPL570,214054_at,DOK2,DOK2,DOK2,NO,YES,GPL570 GEO annotation release 2016-08-09
GSE8121,GPL570,220320_at,DOK3,DOK3,DOK3,NO,YES,GPL570 GEO annotation release 2016-08-09
GSE8121,GPL570,223553_s_at,DOK3,DOK3,DOK3,NO,YES,GPL570 GEO annotation release 2016-08-09
GSE8121,GPL570,219349_s_at,EXOC2,EXOC2,EXOC2,NO,YES,GPL570 GEO annotation release 2016-08-09
GSE8121,GPL570,226270_at,EXOC2,EXOC2,EXOC2,NO,YES,GPL570 GEO annotation release 2016-08-09
GSE8121,GPL570,221601_s_at,FCMR,FAIM3,FCMR,NO,YES,GPL570 GEO annotation release 2016-08-09
GSE8121,GPL570,221602_s_at,FCMR,FAIM3,FCMR,NO,YES,GPL570 GEO annotation release 2016-08-09
GSE8121,GPL570,225327_at,FAM214A,FAM214A,FAM214A,NO,YES,GPL570 GEO annotation release 2016-08-09
GSE8121,GPL570,235193_at,FAM214A,FAM214A,FAM214A,NO,YES,GPL570 GEO annotation release 2016-08-09
GSE8121,GPL570,226448_at,MIR1182///FAM89A,FAM89A,MIR1182///FAM89A,NO,YES,GPL570 GEO annotation release 2016-08-09
GSE8121,GPL570,205349_at,GNA15,GNA15,GNA15,NO,YES,GPL570 GEO annotation release 2016-08-09
GSE8121,GPL570,201618_x_at,GPAA1,GPAA1,GPAA1,NO,YES,GPL570 GEO annotation release 2016-08-09
GSE8121,GPL570,211060_x_at,GPAA1,GPAA1,GPAA1,NO,YES,GPL570 GEO annotation release 2016-08-09
GSE8121,GPL570,215690_x_at,GPAA1,GPAA1,GPAA1,NO,YES,GPL570 GEO annotation release 2016-08-09
GSE8121,GPL570,205936_s_at,HK3,HK3,HK3,NO,YES,GPL570 GEO annotation release 2016-08-09
GSE8121,GPL570,201137_s_at,HLA-DPB1,HLA-DPB1,HLA-DPB1,NO,YES,GPL570 GEO annotation release 2016-08-09
GSE8121,GPL570,244485_at,HLA-DPB1,HLA-DPB1,HLA-DPB1,NO,YES,GPL570 GEO annotation release 2016-08-09
GSE8121,GPL570,207165_at,HMMR,HMMR,HMMR,NO,YES,GPL570 GEO annotation release 2016-08-09
GSE8121,GPL570,209709_s_at,HMMR,HMMR,HMMR,NO,YES,GPL570 GEO annotation release 2016-08-09
GSE8121,GPL570,227865_at,IDNK,IDNK,IDNK,NO,YES,GPL570 GEO annotation release 2016-08-09
GSE8121,GPL570,239086_at,IDNK,IDNK,IDNK,NO,YES,GPL570 GEO annotation release 2016-08-09
GSE8121,GPL570,202411_at,IFI27,IFI27,IFI27,NO,YES,GPL570 GEO annotation release 2016-08-09
GSE8121,GPL570,204439_at,IFI44L,IFI44L,IFI44L,NO,YES,GPL570 GEO annotation release 2016-08-09
GSE8121,GPL570,203233_at,IL4R,IL4R,IL4R,NO,YES,GPL570 GEO annotation release 2016-08-09
GSE8121,GPL570,201015_s_at,JUP,JUP,JUP,NO,YES,GPL570 GEO annotation release 2016-08-09
GSE8121,GPL570,205157_s_at,KRT17///JUP,JUP,KRT17///JUP,NO,YES,GPL570 GEO annotation release 2016-08-09
GSE8121,GPL570,212236_x_at,KRT17///JUP,JUP,KRT17///JUP,NO,YES,GPL570 GEO annotation release 2016-08-09
GSE8121,GPL570,219306_at,KIF15,KIF15,KIF15,NO,YES,GPL570 GEO annotation release 2016-08-09
GSE8121,GPL570,219157_at,KLHL2,KLHL2,KLHL2,NO,YES,GPL570 GEO annotation release 2016-08-09
GSE8121,GPL570,214470_at,KLRB1,KLRB1,KLRB1,NO,YES,GPL570 GEO annotation release 2016-08-09
GSE8121,GPL570,201551_s_at,LAMP1,LAMP1,LAMP1,NO,YES,GPL570 GEO annotation release 2016-08-09
GSE8121,GPL570,201552_at,LAMP1,LAMP1,LAMP1,NO,YES,GPL570 GEO annotation release 2016-08-09
GSE8121,GPL570,201553_s_at,LAMP1,LAMP1,LAMP1,NO,YES,GPL570 GEO annotation release 2016-08-09
GSE8121,GPL570,213728_at,LAMP1,LAMP1,LAMP1,NO,YES,GPL570 GEO annotation release 2016-08-09
GSE8121,GPL570,207734_at,LAX1,LAX1,LAX1,NO,YES,GPL570 GEO annotation release 2016-08-09
GSE8121,GPL570,212531_at,LCN2,LCN2,LCN2,NO,YES,GPL570 GEO annotation release 2016-08-09
GSE8121,GPL570,1559754_at,LTB,LTB,LTB,NO,YES,GPL570 GEO annotation release 2016-08-09
GSE8121,GPL570,207339_s_at,LTB,LTB,LTB,NO,YES,GPL570 GEO annotation release 2016-08-09
GSE8121,GPL570,218559_s_at,MAFB,MAFB,MAFB,NO,YES,GPL570 GEO annotation release 2016-08-09
GSE8121,GPL570,222670_s_at,MAFB,MAFB,MAFB,NO,YES,GPL570 GEO annotation release 2016-08-09
GSE8121,GPL570,221619_s_at,MTCH1,MTCH1,MTCH1,NO,YES,GPL570 GEO annotation release 2016-08-09
GSE8121,GPL570,206491_s_at,NAPA,NAPA,NAPA,NO,YES,GPL570 GEO annotation release 2016-08-09
GSE8121,GPL570,208751_at,NAPA,NAPA,NAPA,NO,YES,GPL570 GEO annotation release 2016-08-09
GSE8121,GPL570,1562256_at,NLRP1,NLRP1,NLRP1,NO,YES,GPL570 GEO annotation release 2016-08-09
GSE8121,GPL570,1562257_x_at,NLRP1,NLRP1,NLRP1,NO,YES,GPL570 GEO annotation release 2016-08-09
GSE8121,GPL570,210113_s_at,NLRP1,NLRP1,NLRP1,NO,YES,GPL570 GEO annotation release 2016-08-09
GSE8121,GPL570,211822_s_at,NLRP1,NLRP1,NLRP1,NO,YES,GPL570 GEO annotation release 2016-08-09
GSE8121,GPL570,211824_x_at,NLRP1,NLRP1,NLRP1,NO,YES,GPL570 GEO annotation release 2016-08-09
GSE8121,GPL570,1562761_at,NMRK1,NMRK1,NMRK1,NO,YES,GPL570 GEO annotation release 2016-08-09
GSE8121,GPL570,219147_s_at,NMRK1,NMRK1,NMRK1,NO,YES,GPL570 GEO annotation release 2016-08-09
GSE8121,GPL570,203814_s_at,NQO2,NQO2,NQO2,NO,YES,GPL570 GEO annotation release 2016-08-09
GSE8121,GPL570,237870_at,NQO2,NQO2,NQO2,NO,YES,GPL570 GEO annotation release 2016-08-09
GSE8121,GPL570,205660_at,OASL,OASL,OASL,NO,YES,GPL570 GEO annotation release 2016-08-09
GSE8121,GPL570,210797_s_at,OASL,OASL,OASL,NO,YES,GPL570 GEO annotation release 2016-08-09
GSE8121,GPL570,205040_at,ORM1,ORM1,ORM1,NO,YES,GPL570 GEO annotation release 2016-08-09
GSE8121,GPL570,205041_s_at,ORM2///ORM1,ORM1,ORM2///ORM1,NO,YES,GPL570 GEO annotation release 2016-08-09
GSE8121,GPL570,214465_at,ORM2///ORM1,ORM1,ORM2///ORM1,NO,YES,GPL570 GEO annotation release 2016-08-09
GSE8121,GPL570,206246_at,PFKFB4,PFKFB4,PFKFB4,NO,YES,GPL570 GEO annotation release 2016-08-09
GSE8121,GPL570,228499_at,PFKFB4,PFKFB4,PFKFB4,NO,YES,GPL570 GEO annotation release 2016-08-09
GSE8121,GPL570,206214_at,PLA2G7,PLA2G7,PLA2G7,NO,YES,GPL570 GEO annotation release 2016-08-09
GSE8121,GPL570,219014_at,PLAC8,PLAC8,PLAC8,NO,YES,GPL570 GEO annotation release 2016-08-09
GSE8121,GPL570,218009_s_at,PRC1,PRC1,PRC1,NO,YES,GPL570 GEO annotation release 2016-08-09
GSE8121,GPL570,206608_s_at,RPGRIP1,RPGRIP1,RPGRIP1,NO,YES,GPL570 GEO annotation release 2016-08-09
GSE8121,GPL570,219734_at,SIDT1,SIDT1,SIDT1,NO,YES,GPL570 GEO annotation release 2016-08-09
GSE8121,GPL570,203021_at,SLPI,SLPI,SLPI,NO,YES,GPL570 GEO annotation release 2016-08-09
GSE8121,GPL570,212921_at,SMYD2,SMYD2,SMYD2,NO,YES,GPL570 GEO annotation release 2016-08-09
GSE8121,GPL570,212922_s_at,SMYD2,SMYD2,SMYD2,NO,YES,GPL570 GEO annotation release 2016-08-09
GSE8121,GPL570,243288_at,SMYD2,SMYD2,SMYD2,NO,YES,GPL570 GEO annotation release 2016-08-09
GSE8121,GPL570,201506_at,TGFBI,TGFBI,TGFBI,NO,YES,GPL570 GEO annotation release 2016-08-09
GSE8121,GPL570,211967_at,TMEM123,TMEM123,TMEM123,NO,YES,GPL570 GEO annotation release 2016-08-09
GSE8121,GPL570,217733_s_at,TMSB10,TMSB10,TMSB10,NO,YES,GPL570 GEO annotation release 2016-08-09
GSE8121,GPL570,207196_s_at,TNIP1,TNIP1,TNIP1,NO,YES,GPL570 GEO annotation release 2016-08-09
GSE8121,GPL570,243423_at,TNIP1,TNIP1,TNIP1,NO,YES,GPL570 GEO annotation release 2016-08-09
GSE8121,GPL570,202478_at,TRIB2,TRIB2,TRIB2,NO,YES,GPL570 GEO annotation release 2016-08-09
GSE8121,GPL570,202479_s_at,TRIB2,TRIB2,TRIB2,NO,YES,GPL570 GEO annotation release 2016-08-09
GSE8121,GPL570,208864_s_at,TXN,TXN,TXN,NO,YES,GPL570 GEO annotation release 2016-08-09
GSE8121,GPL570,216609_at,TXN,TXN,TXN,NO,YES,GPL570 GEO annotation release 2016-08-09
GSE8121,GPL570,205546_s_at,TYK2,TYK2,TYK2,NO,YES,GPL570 GEO annotation release 2016-08-09
GSE8121,GPL570,201649_at,UBE2L6,UBE2L6,UBE2L6,NO,YES,GPL570 GEO annotation release 2016-08-09
GSE8121,GPL570,204929_s_at,VAMP5,VAMP5,VAMP5,NO,YES,GPL570 GEO annotation release 2016-08-09
GSE8121,GPL570,214115_at,VAMP5,VAMP5,VAMP5,NO,YES,GPL570 GEO annotation release 2016-08-09
GSE8121,GPL570,205126_at,VRK2,VRK2,VRK2,NO,YES,GPL570 GEO annotation release 2016-08-09
GSE8121,GPL570,1553952_at,ZDHHC19,ZDHHC19,ZDHHC19,NO,YES,GPL570 GEO annotation release 2016-08-09
GSE8121,GPL570,231122_x_at,ZDHHC19,ZDHHC19,ZDHHC19,NO,YES,GPL570 GEO annotation release 2016-08-09
GSE95233,GPL570,206170_at,ADRB2,ADRB2,ADRB2,NO,YES,GPL570 GEO annotation release 2016-08-09
GSE95233,GPL570,209369_at,ANXA3,ANXA3,ANXA3,NO,YES,GPL570 GEO annotation release 2016-08-09
GSE95233,GPL570,205568_at,AQP9,AQP9,AQP9,NO,YES,GPL570 GEO annotation release 2016-08-09
GSE95233,GPL570,220237_at,ATG3,ATG3,ATG3,NO,YES,GPL570 GEO annotation release 2016-08-09
GSE95233,GPL570,221492_s_at,ATG3,ATG3,ATG3,NO,YES,GPL570 GEO annotation release 2016-08-09
GSE95233,GPL570,214575_s_at,AZU1,AZU1,AZU1,NO,YES,GPL570 GEO annotation release 2016-08-09
GSE95233,GPL570,205965_at,BATF,BATF,BATF,NO,YES,GPL570 GEO annotation release 2016-08-09
GSE95233,GPL570,214390_s_at,BCAT1,BCAT1,BCAT1,NO,YES,GPL570 GEO annotation release 2016-08-09
GSE95233,GPL570,214452_at,BCAT1,BCAT1,BCAT1,NO,YES,GPL570 GEO annotation release 2016-08-09
GSE95233,GPL570,225285_at,BCAT1,BCAT1,BCAT1,NO,YES,GPL570 GEO annotation release 2016-08-09
GSE95233,GPL570,226517_at,BCAT1,BCAT1,BCAT1,NO,YES,GPL570 GEO annotation release 2016-08-09
GSE95233,GPL570,1553088_a_at,BCL2L11,BCL2L11,BCL2L11,NO,YES,GPL570 GEO annotation release 2016-08-09
GSE95233,GPL570,1553096_s_at,BCL2L11,BCL2L11,BCL2L11,NO,YES,GPL570 GEO annotation release 2016-08-09
GSE95233,GPL570,1555372_at,BCL2L11,BCL2L11,BCL2L11,NO,YES,GPL570 GEO annotation release 2016-08-09
GSE95233,GPL570,1558143_a_at,BCL2L11,BCL2L11,BCL2L11,NO,YES,GPL570 GEO annotation release 2016-08-09
GSE95233,GPL570,208536_s_at,BCL2L11,BCL2L11,BCL2L11,NO,YES,GPL570 GEO annotation release 2016-08-09
GSE95233,GPL570,222343_at,BCL2L11,BCL2L11,BCL2L11,NO,YES,GPL570 GEO annotation release 2016-08-09
GSE95233,GPL570,225606_at,BCL2L11,BCL2L11,BCL2L11,NO,YES,GPL570 GEO annotation release 2016-08-09
GSE95233,GPL570,203140_at,BCL6,BCL6,BCL6,NO,YES,GPL570 GEO annotation release 2016-08-09
GSE95233,GPL570,215990_s_at,BCL6,BCL6,BCL6,NO,YES,GPL570 GEO annotation release 2016-08-09
GSE95233,GPL570,228758_at,BCL6,BCL6,BCL6,NO,YES,GPL570 GEO annotation release 2016-08-09
GSE95233,GPL570,1556000_s_at,BTBD7,BTBD7,BTBD7,NO,YES,GPL570 GEO annotation release 2016-08-09
GSE95233,GPL570,217141_at,BTBD7,BTBD7,BTBD7,NO,YES,GPL570 GEO annotation release 2016-08-09
GSE95233,GPL570,220297_at,BTBD7,BTBD7,BTBD7,NO,YES,GPL570 GEO annotation release 2016-08-09
GSE95233,GPL570,224943_at,BTBD7,BTBD7,BTBD7,NO,YES,GPL570 GEO annotation release 2016-08-09
GSE95233,GPL570,224945_at,BTBD7,BTBD7,BTBD7,NO,YES,GPL570 GEO annotation release 2016-08-09
GSE95233,GPL570,201456_s_at,BUB3,BUB3,BUB3,NO,YES,GPL570 GEO annotation release 2016-08-09
GSE95233,GPL570,201457_x_at,BUB3,BUB3,BUB3,NO,YES,GPL570 GEO annotation release 2016-08-09
GSE95233,GPL570,201458_s_at,BUB3,BUB3,BUB3,NO,YES,GPL570 GEO annotation release 2016-08-09
GSE95233,GPL570,209974_s_at,BUB3,BUB3,BUB3,NO,YES,GPL570 GEO annotation release 2016-08-09
GSE95233,GPL570,229827_at,BUB3,BUB3,BUB3,NO,YES,GPL570 GEO annotation release 2016-08-09
GSE95233,GPL570,237245_at,BUB3,BUB3,BUB3,NO,YES,GPL570 GEO annotation release 2016-08-09
GSE95233,GPL570,209906_at,C3AR1,C3AR1,C3AR1,NO,YES,GPL570 GEO annotation release 2016-08-09
GSE95233,GPL570,210244_at,CAMP,CAMP,CAMP,NO,YES,GPL570 GEO annotation release 2016-08-09
GSE95233,GPL570,207181_s_at,CASP7,CASP7,CASP7,NO,YES,GPL570 GEO annotation release 2016-08-09
GSE95233,GPL570,216598_s_at,CCL2,CCL2,CCL2,NO,YES,GPL570 GEO annotation release 2016-08-09
GSE95233,GPL570,206576_s_at,CEACAM1,CEACAM1,CEACAM1,NO,YES,GPL570 GEO annotation release 2016-08-09
GSE95233,GPL570,209498_at,CEACAM1,CEACAM1,CEACAM1,NO,YES,GPL570 GEO annotation release 2016-08-09
GSE95233,GPL570,210610_at,CEACAM1,CEACAM1,CEACAM1,NO,YES,GPL570 GEO annotation release 2016-08-09
GSE95233,GPL570,211883_x_at,CEACAM1,CEACAM1,CEACAM1,NO,YES,GPL570 GEO annotation release 2016-08-09
GSE95233,GPL570,211889_x_at,CEACAM1,CEACAM1,CEACAM1,NO,YES,GPL570 GEO annotation release 2016-08-09
GSE95233,GPL570,207205_at,CEACAM4,CEACAM4,CEACAM4,NO,YES,GPL570 GEO annotation release 2016-08-09
GSE95233,GPL570,206676_at,CEACAM8,CEACAM8,CEACAM8,NO,YES,GPL570 GEO annotation release 2016-08-09
GSE95233,GPL570,218542_at,CEP55,CEP55,CEP55,NO,YES,GPL570 GEO annotation release 2016-08-09
GSE95233,GPL570,200838_at,CTSB,CTSB,CTSB,NO,YES,GPL570 GEO annotation release 2016-08-09
GSE95233,GPL570,200839_s_at,CTSB,CTSB,CTSB,NO,YES,GPL570 GEO annotation release 2016-08-09
GSE95233,GPL570,213274_s_at,CTSB,CTSB,CTSB,NO,YES,GPL570 GEO annotation release 2016-08-09
GSE95233,GPL570,213275_x_at,CTSB,CTSB,CTSB,NO,YES,GPL570 GEO annotation release 2016-08-09
GSE95233,GPL570,227961_at,CTSB,CTSB,CTSB,NO,YES,GPL570 GEO annotation release 2016-08-09
GSE95233,GPL570,205653_at,CTSG,CTSG,CTSG,NO,YES,GPL570 GEO annotation release 2016-08-09
GSE95233,GPL570,1568934_at,CX3CR1,CX3CR1,CX3CR1,NO,YES,GPL570 GEO annotation release 2016-08-09
GSE95233,GPL570,205898_at,CX3CR1,CX3CR1,CX3CR1,NO,YES,GPL570 GEO annotation release 2016-08-09
GSE95233,GPL570,206974_at,CXCR6,CXCR6,CXCR6,NO,YES,GPL570 GEO annotation release 2016-08-09
GSE95233,GPL570,211469_s_at,CXCR6,CXCR6,CXCR6,NO,YES,GPL570 GEO annotation release 2016-08-09
GSE95233,GPL570,207269_at,DEFA4,DEFA4,DEFA4,NO,YES,GPL570 GEO annotation release 2016-08-09
GSE95233,GPL570,214054_at,DOK2,DOK2,DOK2,NO,YES,GPL570 GEO annotation release 2016-08-09
GSE95233,GPL570,220320_at,DOK3,DOK3,DOK3,NO,YES,GPL570 GEO annotation release 2016-08-09
GSE95233,GPL570,223553_s_at,DOK3,DOK3,DOK3,NO,YES,GPL570 GEO annotation release 2016-08-09
GSE95233,GPL570,219349_s_at,EXOC2,EXOC2,EXOC2,NO,YES,GPL570 GEO annotation release 2016-08-09
GSE95233,GPL570,226270_at,EXOC2,EXOC2,EXOC2,NO,YES,GPL570 GEO annotation release 2016-08-09
GSE95233,GPL570,221601_s_at,FCMR,FAIM3,FCMR,NO,YES,GPL570 GEO annotation release 2016-08-09
GSE95233,GPL570,221602_s_at,FCMR,FAIM3,FCMR,NO,YES,GPL570 GEO annotation release 2016-08-09
GSE95233,GPL570,225327_at,FAM214A,FAM214A,FAM214A,NO,YES,GPL570 GEO annotation release 2016-08-09
GSE95233,GPL570,235193_at,FAM214A,FAM214A,FAM214A,NO,YES,GPL570 GEO annotation release 2016-08-09
GSE95233,GPL570,226448_at,MIR1182///FAM89A,FAM89A,MIR1182///FAM89A,NO,YES,GPL570 GEO annotation release 2016-08-09
GSE95233,GPL570,205349_at,GNA15,GNA15,GNA15,NO,YES,GPL570 GEO annotation release 2016-08-09
GSE95233,GPL570,201618_x_at,GPAA1,GPAA1,GPAA1,NO,YES,GPL570 GEO annotation release 2016-08-09
GSE95233,GPL570,211060_x_at,GPAA1,GPAA1,GPAA1,NO,YES,GPL570 GEO annotation release 2016-08-09
GSE95233,GPL570,215690_x_at,GPAA1,GPAA1,GPAA1,NO,YES,GPL570 GEO annotation release 2016-08-09
GSE95233,GPL570,205936_s_at,HK3,HK3,HK3,NO,YES,GPL570 GEO annotation release 2016-08-09
GSE95233,GPL570,201137_s_at,HLA-DPB1,HLA-DPB1,HLA-DPB1,NO,YES,GPL570 GEO annotation release 2016-08-09
GSE95233,GPL570,244485_at,HLA-DPB1,HLA-DPB1,HLA-DPB1,NO,YES,GPL570 GEO annotation release 2016-08-09
GSE95233,GPL570,207165_at,HMMR,HMMR,HMMR,NO,YES,GPL570 GEO annotation release 2016-08-09
GSE95233,GPL570,209709_s_at,HMMR,HMMR,HMMR,NO,YES,GPL570 GEO annotation release 2016-08-09
GSE95233,GPL570,227865_at,IDNK,IDNK,IDNK,NO,YES,GPL570 GEO annotation release 2016-08-09
GSE95233,GPL570,239086_at,IDNK,IDNK,IDNK,NO,YES,GPL570 GEO annotation release 2016-08-09
GSE95233,GPL570,202411_at,IFI27,IFI27,IFI27,NO,YES,GPL570 GEO annotation release 2016-08-09
GSE95233,GPL570,204439_at,IFI44L,IFI44L,IFI44L,NO,YES,GPL570 GEO annotation release 2016-08-09
GSE95233,GPL570,203233_at,IL4R,IL4R,IL4R,NO,YES,GPL570 GEO annotation release 2016-08-09
GSE95233,GPL570,201015_s_at,JUP,JUP,JUP,NO,YES,GPL570 GEO annotation release 2016-08-09
GSE95233,GPL570,205157_s_at,KRT17///JUP,JUP,KRT17///JUP,NO,YES,GPL570 GEO annotation release 2016-08-09
GSE95233,GPL570,212236_x_at,KRT17///JUP,JUP,KRT17///JUP,NO,YES,GPL570 GEO annotation release 2016-08-09
GSE95233,GPL570,219306_at,KIF15,KIF15,KIF15,NO,YES,GPL570 GEO annotation release 2016-08-09
GSE95233,GPL570,219157_at,KLHL2,KLHL2,KLHL2,NO,YES,GPL570 GEO annotation release 2016-08-09
GSE95233,GPL570,214470_at,KLRB1,KLRB1,KLRB1,NO,YES,GPL570 GEO annotation release 2016-08-09
GSE95233,GPL570,201551_s_at,LAMP1,LAMP1,LAMP1,NO,YES,GPL570 GEO annotation release 2016-08-09
GSE95233,GPL570,201552_at,LAMP1,LAMP1,LAMP1,NO,YES,GPL570 GEO annotation release 2016-08-09
GSE95233,GPL570,201553_s_at,LAMP1,LAMP1,LAMP1,NO,YES,GPL570 GEO annotation release 2016-08-09
GSE95233,GPL570,213728_at,LAMP1,LAMP1,LAMP1,NO,YES,GPL570 GEO annotation release 2016-08-09
GSE95233,GPL570,207734_at,LAX1,LAX1,LAX1,NO,YES,GPL570 GEO annotation release 2016-08-09
GSE95233,GPL570,212531_at,LCN2,LCN2,LCN2,NO,YES,GPL570 GEO annotation release 2016-08-09
GSE95233,GPL570,1559754_at,LTB,LTB,LTB,NO,YES,GPL570 GEO annotation release 2016-08-09
GSE95233,GPL570,207339_s_at,LTB,LTB,LTB,NO,YES,GPL570 GEO annotation release 2016-08-09
GSE95233,GPL570,218559_s_at,MAFB,MAFB,MAFB,NO,YES,GPL570 GEO annotation release 2016-08-09
GSE95233,GPL570,222670_s_at,MAFB,MAFB,MAFB,NO,YES,GPL570 GEO annotation release 2016-08-09
GSE95233,GPL570,221619_s_at,MTCH1,MTCH1,MTCH1,NO,YES,GPL570 GEO annotation release 2016-08-09
GSE95233,GPL570,206491_s_at,NAPA,NAPA,NAPA,NO,YES,GPL570 GEO annotation release 2016-08-09
GSE95233,GPL570,208751_at,NAPA,NAPA,NAPA,NO,YES,GPL570 GEO annotation release 2016-08-09
GSE95233,GPL570,1562256_at,NLRP1,NLRP1,NLRP1,NO,YES,GPL570 GEO annotation release 2016-08-09
GSE95233,GPL570,1562257_x_at,NLRP1,NLRP1,NLRP1,NO,YES,GPL570 GEO annotation release 2016-08-09
GSE95233,GPL570,210113_s_at,NLRP1,NLRP1,NLRP1,NO,YES,GPL570 GEO annotation release 2016-08-09
GSE95233,GPL570,211822_s_at,NLRP1,NLRP1,NLRP1,NO,YES,GPL570 GEO annotation release 2016-08-09
GSE95233,GPL570,211824_x_at,NLRP1,NLRP1,NLRP1,NO,YES,GPL570 GEO annotation release 2016-08-09
GSE95233,GPL570,1562761_at,NMRK1,NMRK1,NMRK1,NO,YES,GPL570 GEO annotation release 2016-08-09
GSE95233,GPL570,219147_s_at,NMRK1,NMRK1,NMRK1,NO,YES,GPL570 GEO annotation release 2016-08-09
GSE95233,GPL570,203814_s_at,NQO2,NQO2,NQO2,NO,YES,GPL570 GEO annotation release 2016-08-09
GSE95233,GPL570,237870_at,NQO2,NQO2,NQO2,NO,YES,GPL570 GEO annotation release 2016-08-09
GSE95233,GPL570,205660_at,OASL,OASL,OASL,NO,YES,GPL570 GEO annotation release 2016-08-09
GSE95233,GPL570,210797_s_at,OASL,OASL,OASL,NO,YES,GPL570 GEO annotation release 2016-08-09
GSE95233,GPL570,205040_at,ORM1,ORM1,ORM1,NO,YES,GPL570 GEO annotation release 2016-08-09
GSE95233,GPL570,205041_s_at,ORM2///ORM1,ORM1,ORM2///ORM1,NO,YES,GPL570 GEO annotation release 2016-08-09
GSE95233,GPL570,214465_at,ORM2///ORM1,ORM1,ORM2///ORM1,NO,YES,GPL570 GEO annotation release 2016-08-09
GSE95233,GPL570,206246_at,PFKFB4,PFKFB4,PFKFB4,NO,YES,GPL570 GEO annotation release 2016-08-09
GSE95233,GPL570,228499_at,PFKFB4,PFKFB4,PFKFB4,NO,YES,GPL570 GEO annotation release 2016-08-09
GSE95233,GPL570,206214_at,PLA2G7,PLA2G7,PLA2G7,NO,YES,GPL570 GEO annotation release 2016-08-09
GSE95233,GPL570,219014_at,PLAC8,PLAC8,PLAC8,NO,YES,GPL570 GEO annotation release 2016-08-09
GSE95233,GPL570,218009_s_at,PRC1,PRC1,PRC1,NO,YES,GPL570 GEO annotation release 2016-08-09
GSE95233,GPL570,206608_s_at,RPGRIP1,RPGRIP1,RPGRIP1,NO,YES,GPL570 GEO annotation release 2016-08-09
GSE95233,GPL570,219734_at,SIDT1,SIDT1,SIDT1,NO,YES,GPL570 GEO annotation release 2016-08-09
GSE95233,GPL570,203021_at,SLPI,SLPI,SLPI,NO,YES,GPL570 GEO annotation release 2016-08-09
GSE95233,GPL570,212921_at,SMYD2,SMYD2,SMYD2,NO,YES,GPL570 GEO annotation release 2016-08-09
GSE95233,GPL570,212922_s_at,SMYD2,SMYD2,SMYD2,NO,YES,GPL570 GEO annotation release 2016-08-09
GSE95233,GPL570,243288_at,SMYD2,SMYD2,SMYD2,NO,YES,GPL570 GEO annotation release 2016-08-09
GSE95233,GPL570,201506_at,TGFBI,TGFBI,TGFBI,NO,YES,GPL570 GEO annotation release 2016-08-09
GSE95233,GPL570,211967_at,TMEM123,TMEM123,TMEM123,NO,YES,GPL570 GEO annotation release 2016-08-09
GSE95233,GPL570,217733_s_at,TMSB10,TMSB10,TMSB10,NO,YES,GPL570 GEO annotation release 2016-08-09
GSE95233,GPL570,207196_s_at,TNIP1,TNIP1,TNIP1,NO,YES,GPL570 GEO annotation release 2016-08-09
GSE95233,GPL570,243423_at,TNIP1,TNIP1,TNIP1,NO,YES,GPL570 GEO annotation release 2016-08-09
GSE95233,GPL570,202478_at,TRIB2,TRIB2,TRIB2,NO,YES,GPL570 GEO annotation release 2016-08-09
GSE95233,GPL570,202479_s_at,TRIB2,TRIB2,TRIB2,NO,YES,GPL570 GEO annotation release 2016-08-09
GSE95233,GPL570,208864_s_at,TXN,TXN,TXN,NO,YES,GPL570 GEO annotation release 2016-08-09
GSE95233,GPL570,216609_at,TXN,TXN,TXN,NO,YES,GPL570 GEO annotation release 2016-08-09
GSE95233,GPL570,205546_s_at,TYK2,TYK2,TYK2,NO,YES,GPL570 GEO annotation release 2016-08-09
GSE95233,GPL570,201649_at,UBE2L6,UBE2L6,UBE2L6,NO,YES,GPL570 GEO annotation release 2016-08-09
GSE95233,GPL570,204929_s_at,VAMP5,VAMP5,VAMP5,NO,YES,GPL570 GEO annotation release 2016-08-09
GSE95233,GPL570,214115_at,VAMP5,VAMP5,VAMP5,NO,YES,GPL570 GEO annotation release 2016-08-09
GSE95233,GPL570,205126_at,VRK2,VRK2,VRK2,NO,YES,GPL570 GEO annotation release 2016-08-09
GSE95233,GPL570,1553952_at,ZDHHC19,ZDHHC19,ZDHHC19,NO,YES,GPL570 GEO annotation release 2016-08-09
GSE95233,GPL570,231122_x_at,ZDHHC19,ZDHHC19,ZDHHC19,NO,YES,GPL570 GEO annotation release 2016-08-09
