dataset,time_window,signature_id,baseline_eligible_n,observed_pair_n,missing_followup_n,missing_percent,death_before_window_n,early_discharge_before_window_n,technical_failure_n,unknown_reason_n,baseline_score_observed_mean,baseline_score_missing_mean,baseline_score_difference,ipw_status,post_death_imputation,reason_note
GSE236713,T1,SIG001,124,93,31,0.25,0,0,0,31,0.5254764457408044,0.5070341907533064,0.018442254987498075,NOT_ESTIMABLE_MISSING_AGE_SEX_BASELINE_SEVERITY,PROHIBITED_NOT_PERFORMED,Public metadata do not establish event timing before the landmark; missing reasons remain UNKNOWN unless explicit.
GSE236713,T1,SIG002,124,93,31,0.25,0,0,0,31,7.277102089952055,6.969155518817901,0.3079465711341536,NOT_ESTIMABLE_MISSING_AGE_SEX_BASELINE_SEVERITY,PROHIBITED_NOT_PERFORMED,Public metadata do not establish event timing before the landmark; missing reasons remain UNKNOWN unless explicit.
GSE236713,T1,SIG003,124,93,31,0.25,0,0,0,31,-0.9391622155292555,-0.917061926029757,-0.022100289499498493,NOT_ESTIMABLE_MISSING_AGE_SEX_BASELINE_SEVERITY,PROHIBITED_NOT_PERFORMED,Public metadata do not establish event timing before the landmark; missing reasons remain UNKNOWN unless explicit.
GSE236713,T1,SIG004,124,93,31,0.25,0,0,0,31,0.005171736719338262,-0.004609469224920411,0.009781205944258672,NOT_ESTIMABLE_MISSING_AGE_SEX_BASELINE_SEVERITY,PROHIBITED_NOT_PERFORMED,Public metadata do not establish event timing before the landmark; missing reasons remain UNKNOWN unless explicit.
GSE236713,T1,SIG022,124,93,31,0.25,0,0,0,31,-5.181411784380347,-4.933971598142715,-0.24744018623763253,NOT_ESTIMABLE_MISSING_AGE_SEX_BASELINE_SEVERITY,PROHIBITED_NOT_PERFORMED,Public metadata do not establish event timing before the landmark; missing reasons remain UNKNOWN unless explicit.
GSE236713,T1,SIG023,124,93,31,0.25,0,0,0,31,2.470413425859204,2.0083625011929227,0.4620509246662814,NOT_ESTIMABLE_MISSING_AGE_SEX_BASELINE_SEVERITY,PROHIBITED_NOT_PERFORMED,Public metadata do not establish event timing before the landmark; missing reasons remain UNKNOWN unless explicit.
GSE236713,T1,SIG033,124,93,31,0.25,0,0,0,31,-21.386633578956495,-21.618065849550007,0.2314322705935119,NOT_ESTIMABLE_MISSING_AGE_SEX_BASELINE_SEVERITY,PROHIBITED_NOT_PERFORMED,Public metadata do not establish event timing before the landmark; missing reasons remain UNKNOWN unless explicit.
GSE236713,T1,SIG034,124,93,31,0.25,0,0,0,31,1.0676158590083729,1.0441407344850566,0.023475124523316238,NOT_ESTIMABLE_MISSING_AGE_SEX_BASELINE_SEVERITY,PROHIBITED_NOT_PERFORMED,Public metadata do not establish event timing before the landmark; missing reasons remain UNKNOWN unless explicit.
GSE236713,T2,SIG001,124,0,124,1.0,0,0,0,124,,0.5208658819939298,,NOT_ESTIMABLE_MISSING_AGE_SEX_BASELINE_SEVERITY,PROHIBITED_NOT_PERFORMED,Public metadata do not establish event timing before the landmark; missing reasons remain UNKNOWN unless explicit.
GSE236713,T2,SIG002,124,0,124,1.0,0,0,0,124,,7.200115447168516,,NOT_ESTIMABLE_MISSING_AGE_SEX_BASELINE_SEVERITY,PROHIBITED_NOT_PERFORMED,Public metadata do not establish event timing before the landmark; missing reasons remain UNKNOWN unless explicit.
GSE236713,T2,SIG003,124,0,124,1.0,0,0,0,124,,-0.933637143154381,,NOT_ESTIMABLE_MISSING_AGE_SEX_BASELINE_SEVERITY,PROHIBITED_NOT_PERFORMED,Public metadata do not establish event timing before the landmark; missing reasons remain UNKNOWN unless explicit.
GSE236713,T2,SIG004,124,0,124,1.0,0,0,0,124,,0.0027264352332735937,,NOT_ESTIMABLE_MISSING_AGE_SEX_BASELINE_SEVERITY,PROHIBITED_NOT_PERFORMED,Public metadata do not establish event timing before the landmark; missing reasons remain UNKNOWN unless explicit.
GSE236713,T2,SIG022,124,0,124,1.0,0,0,0,124,,-5.119551737820939,,NOT_ESTIMABLE_MISSING_AGE_SEX_BASELINE_SEVERITY,PROHIBITED_NOT_PERFORMED,Public metadata do not establish event timing before the landmark; missing reasons remain UNKNOWN unless explicit.
GSE236713,T2,SIG023,124,0,124,1.0,0,0,0,124,,2.354900694692634,,NOT_ESTIMABLE_MISSING_AGE_SEX_BASELINE_SEVERITY,PROHIBITED_NOT_PERFORMED,Public metadata do not establish event timing before the landmark; missing reasons remain UNKNOWN unless explicit.
GSE236713,T2,SIG033,124,0,124,1.0,0,0,0,124,,-21.444491646604874,,NOT_ESTIMABLE_MISSING_AGE_SEX_BASELINE_SEVERITY,PROHIBITED_NOT_PERFORMED,Public metadata do not establish event timing before the landmark; missing reasons remain UNKNOWN unless explicit.
GSE236713,T2,SIG034,124,0,124,1.0,0,0,0,124,,1.0617470778775437,,NOT_ESTIMABLE_MISSING_AGE_SEX_BASELINE_SEVERITY,PROHIBITED_NOT_PERFORMED,Public metadata do not establish event timing before the landmark; missing reasons remain UNKNOWN unless explicit.
GSE57065,T1,SIG001,28,28,0,0.0,0,0,0,0,2.5806884276989277,,,NOT_ESTIMABLE_MISSING_AGE_SEX_BASELINE_SEVERITY,PROHIBITED_NOT_PERFORMED,Public metadata do not establish event timing before the landmark; missing reasons remain UNKNOWN unless explicit.
GSE57065,T1,SIG002,28,28,0,0.0,0,0,0,0,8.47497267857143,,,NOT_ESTIMABLE_MISSING_AGE_SEX_BASELINE_SEVERITY,PROHIBITED_NOT_PERFORMED,Public metadata do not establish event timing before the landmark; missing reasons remain UNKNOWN unless explicit.
GSE57065,T1,SIG003,28,28,0,0.0,0,0,0,0,-0.5888262466209673,,,NOT_ESTIMABLE_MISSING_AGE_SEX_BASELINE_SEVERITY,PROHIBITED_NOT_PERFORMED,Public metadata do not establish event timing before the landmark; missing reasons remain UNKNOWN unless explicit.
GSE57065,T1,SIG004,28,28,0,0.0,0,0,0,0,-0.11382362071453148,,,NOT_ESTIMABLE_MISSING_AGE_SEX_BASELINE_SEVERITY,PROHIBITED_NOT_PERFORMED,Public metadata do not establish event timing before the landmark; missing reasons remain UNKNOWN unless explicit.
GSE57065,T1,SIG022,28,28,0,0.0,0,0,0,0,-3.295230208299986,,,NOT_ESTIMABLE_MISSING_AGE_SEX_BASELINE_SEVERITY,PROHIBITED_NOT_PERFORMED,Public metadata do not establish event timing before the landmark; missing reasons remain UNKNOWN unless explicit.
GSE57065,T1,SIG023,28,28,0,0.0,0,0,0,0,1.677335,,,NOT_ESTIMABLE_MISSING_AGE_SEX_BASELINE_SEVERITY,PROHIBITED_NOT_PERFORMED,Public metadata do not establish event timing before the landmark; missing reasons remain UNKNOWN unless explicit.
GSE57065,T1,SIG033,28,28,0,0.0,0,0,0,0,-14.882131361,,,NOT_ESTIMABLE_MISSING_AGE_SEX_BASELINE_SEVERITY,PROHIBITED_NOT_PERFORMED,Public metadata do not establish event timing before the landmark; missing reasons remain UNKNOWN unless explicit.
GSE57065,T1,SIG034,28,28,0,0.0,0,0,0,0,1.1967293713965572,,,NOT_ESTIMABLE_MISSING_AGE_SEX_BASELINE_SEVERITY,PROHIBITED_NOT_PERFORMED,Public metadata do not establish event timing before the landmark; missing reasons remain UNKNOWN unless explicit.
GSE57065,T2,SIG001,28,26,2,0.07142857142857142,0,0,0,2,2.6046972109081237,2.268574245979374,0.3361229649287498,NOT_ESTIMABLE_MISSING_AGE_SEX_BASELINE_SEVERITY,PROHIBITED_NOT_PERFORMED,Public metadata do not establish event timing before the landmark; missing reasons remain UNKNOWN unless explicit.
GSE57065,T2,SIG002,28,26,2,0.07142857142857142,0,0,0,2,8.557064519230769,7.40777875,1.1492857692307688,NOT_ESTIMABLE_MISSING_AGE_SEX_BASELINE_SEVERITY,PROHIBITED_NOT_PERFORMED,Public metadata do not establish event timing before the landmark; missing reasons remain UNKNOWN unless explicit.
GSE57065,T2,SIG003,28,26,2,0.07142857142857142,0,0,0,2,-0.5894177661058961,-0.5811364933168912,-0.008281272789004923,NOT_ESTIMABLE_MISSING_AGE_SEX_BASELINE_SEVERITY,PROHIBITED_NOT_PERFORMED,Public metadata do not establish event timing before the landmark; missing reasons remain UNKNOWN unless explicit.
GSE57065,T2,SIG004,28,26,2,0.07142857142857142,0,0,0,2,-0.11634277137195098,-0.08107466216807818,-0.0352681092038728,NOT_ESTIMABLE_MISSING_AGE_SEX_BASELINE_SEVERITY,PROHIBITED_NOT_PERFORMED,Public metadata do not establish event timing before the landmark; missing reasons remain UNKNOWN unless explicit.
GSE57065,T2,SIG022,28,26,2,0.07142857142857142,0,0,0,2,-3.2554639464726614,-3.8121916120552046,0.5567276655825433,NOT_ESTIMABLE_MISSING_AGE_SEX_BASELINE_SEVERITY,PROHIBITED_NOT_PERFORMED,Public metadata do not establish event timing before the landmark; missing reasons remain UNKNOWN unless explicit.
GSE57065,T2,SIG023,28,26,2,0.07142857142857142,0,0,0,2,1.5284838461538466,3.6124,-2.0839161538461535,NOT_ESTIMABLE_MISSING_AGE_SEX_BASELINE_SEVERITY,PROHIBITED_NOT_PERFORMED,Public metadata do not establish event timing before the landmark; missing reasons remain UNKNOWN unless explicit.
GSE57065,T2,SIG033,28,26,2,0.07142857142857142,0,0,0,2,-14.86401114325,-15.11769419175,0.25368304849999923,NOT_ESTIMABLE_MISSING_AGE_SEX_BASELINE_SEVERITY,PROHIBITED_NOT_PERFORMED,Public metadata do not establish event timing before the landmark; missing reasons remain UNKNOWN unless explicit.
GSE57065,T2,SIG034,28,26,2,0.07142857142857142,0,0,0,2,1.190949827200608,1.2718634459438967,-0.08091361874328862,NOT_ESTIMABLE_MISSING_AGE_SEX_BASELINE_SEVERITY,PROHIBITED_NOT_PERFORMED,Public metadata do not establish event timing before the landmark; missing reasons remain UNKNOWN unless explicit.
GSE95233,T1,SIG001,51,20,31,0.6078431372549019,0,0,0,31,2.4656427248881947,2.377295208996772,0.08834751589142265,NOT_ESTIMABLE_MISSING_AGE_SEX_BASELINE_SEVERITY,PROHIBITED_NOT_PERFORMED,Public metadata do not establish event timing before the landmark; missing reasons remain UNKNOWN unless explicit.
GSE95233,T1,SIG002,51,20,31,0.6078431372549019,0,0,0,31,9.887066680375,9.853855689758065,0.033210990616934666,NOT_ESTIMABLE_MISSING_AGE_SEX_BASELINE_SEVERITY,PROHIBITED_NOT_PERFORMED,Public metadata do not establish event timing before the landmark; missing reasons remain UNKNOWN unless explicit.
GSE95233,T1,SIG003,51,20,31,0.6078431372549019,0,0,0,31,-0.5705941626968427,-0.5854607221226129,0.014866559425770198,NOT_ESTIMABLE_MISSING_AGE_SEX_BASELINE_SEVERITY,PROHIBITED_NOT_PERFORMED,Public metadata do not establish event timing before the landmark; missing reasons remain UNKNOWN unless explicit.
GSE95233,T1,SIG004,51,20,31,0.6078431372549019,0,0,0,31,-0.19536221711116547,-0.1849467673383296,-0.010415449772835872,NOT_ESTIMABLE_MISSING_AGE_SEX_BASELINE_SEVERITY,PROHIBITED_NOT_PERFORMED,Public metadata do not establish event timing before the landmark; missing reasons remain UNKNOWN unless explicit.
GSE95233,T1,SIG022,51,20,31,0.6078431372549019,0,0,0,31,-2.352821372967435,-2.3508761610402447,-0.0019452119271905488,NOT_ESTIMABLE_MISSING_AGE_SEX_BASELINE_SEVERITY,PROHIBITED_NOT_PERFORMED,Public metadata do not establish event timing before the landmark; missing reasons remain UNKNOWN unless explicit.
GSE95233,T1,SIG023,51,20,31,0.6078431372549019,0,0,0,31,2.676120111,3.7274779603225805,-1.0513578493225806,NOT_ESTIMABLE_MISSING_AGE_SEX_BASELINE_SEVERITY,PROHIBITED_NOT_PERFORMED,Public metadata do not establish event timing before the landmark; missing reasons remain UNKNOWN unless explicit.
GSE95233,T1,SIG033,51,20,31,0.6078431372549019,0,0,0,31,-15.924215426931775,-16.098067824461932,0.17385239753015647,NOT_ESTIMABLE_MISSING_AGE_SEX_BASELINE_SEVERITY,PROHIBITED_NOT_PERFORMED,Public metadata do not establish event timing before the landmark; missing reasons remain UNKNOWN unless explicit.
GSE95233,T1,SIG034,51,20,31,0.6078431372549019,0,0,0,31,1.2261450205851525,1.1889646798724678,0.03718034071268472,NOT_ESTIMABLE_MISSING_AGE_SEX_BASELINE_SEVERITY,PROHIBITED_NOT_PERFORMED,Public metadata do not establish event timing before the landmark; missing reasons remain UNKNOWN unless explicit.
GSE95233,T2,SIG001,51,31,20,0.39215686274509803,0,0,0,20,2.377295208996772,2.4656427248881947,-0.08834751589142265,NOT_ESTIMABLE_MISSING_AGE_SEX_BASELINE_SEVERITY,PROHIBITED_NOT_PERFORMED,Public metadata do not establish event timing before the landmark; missing reasons remain UNKNOWN unless explicit.
GSE95233,T2,SIG002,51,31,20,0.39215686274509803,0,0,0,20,9.853855689758065,9.887066680375,-0.033210990616934666,NOT_ESTIMABLE_MISSING_AGE_SEX_BASELINE_SEVERITY,PROHIBITED_NOT_PERFORMED,Public metadata do not establish event timing before the landmark; missing reasons remain UNKNOWN unless explicit.
GSE95233,T2,SIG003,51,31,20,0.39215686274509803,0,0,0,20,-0.5854607221226129,-0.5705941626968427,-0.014866559425770198,NOT_ESTIMABLE_MISSING_AGE_SEX_BASELINE_SEVERITY,PROHIBITED_NOT_PERFORMED,Public metadata do not establish event timing before the landmark; missing reasons remain UNKNOWN unless explicit.
GSE95233,T2,SIG004,51,31,20,0.39215686274509803,0,0,0,20,-0.1849467673383296,-0.19536221711116547,0.010415449772835872,NOT_ESTIMABLE_MISSING_AGE_SEX_BASELINE_SEVERITY,PROHIBITED_NOT_PERFORMED,Public metadata do not establish event timing before the landmark; missing reasons remain UNKNOWN unless explicit.
GSE95233,T2,SIG022,51,31,20,0.39215686274509803,0,0,0,20,-2.3508761610402447,-2.352821372967435,0.0019452119271905488,NOT_ESTIMABLE_MISSING_AGE_SEX_BASELINE_SEVERITY,PROHIBITED_NOT_PERFORMED,Public metadata do not establish event timing before the landmark; missing reasons remain UNKNOWN unless explicit.
GSE95233,T2,SIG023,51,31,20,0.39215686274509803,0,0,0,20,3.7274779603225805,2.676120111,1.0513578493225806,NOT_ESTIMABLE_MISSING_AGE_SEX_BASELINE_SEVERITY,PROHIBITED_NOT_PERFORMED,Public metadata do not establish event timing before the landmark; missing reasons remain UNKNOWN unless explicit.
GSE95233,T2,SIG033,51,31,20,0.39215686274509803,0,0,0,20,-16.098067824461932,-15.924215426931775,-0.17385239753015647,NOT_ESTIMABLE_MISSING_AGE_SEX_BASELINE_SEVERITY,PROHIBITED_NOT_PERFORMED,Public metadata do not establish event timing before the landmark; missing reasons remain UNKNOWN unless explicit.
GSE95233,T2,SIG034,51,31,20,0.39215686274509803,0,0,0,20,1.1889646798724678,1.2261450205851525,-0.03718034071268472,NOT_ESTIMABLE_MISSING_AGE_SEX_BASELINE_SEVERITY,PROHIBITED_NOT_PERFORMED,Public metadata do not establish event timing before the landmark; missing reasons remain UNKNOWN unless explicit.
GSE54514,T1,SIG001,35,31,4,0.11428571428571428,0,0,0,4,2.1209466901785357,1.7407563175480463,0.3801903726304894,NOT_ESTIMABLE_MISSING_AGE_SEX_BASELINE_SEVERITY,PROHIBITED_NOT_PERFORMED,Public metadata do not establish event timing before the landmark; missing reasons remain UNKNOWN unless explicit.
GSE54514,T1,SIG002,35,31,4,0.11428571428571428,0,0,0,4,7.467512191048388,6.2511028035,1.2164093875483877,NOT_ESTIMABLE_MISSING_AGE_SEX_BASELINE_SEVERITY,PROHIBITED_NOT_PERFORMED,Public metadata do not establish event timing before the landmark; missing reasons remain UNKNOWN unless explicit.
GSE54514,T1,SIG003,35,31,4,0.11428571428571428,0,0,0,4,-0.7962580453801213,-0.8704622209453013,0.07420417556518,NOT_ESTIMABLE_MISSING_AGE_SEX_BASELINE_SEVERITY,PROHIBITED_NOT_PERFORMED,Public metadata do not establish event timing before the landmark; missing reasons remain UNKNOWN unless explicit.
GSE54514,T1,SIG004,35,31,4,0.11428571428571428,0,0,0,4,-0.09150379830676299,-0.06175398175941647,-0.02974981654734652,NOT_ESTIMABLE_MISSING_AGE_SEX_BASELINE_SEVERITY,PROHIBITED_NOT_PERFORMED,Public metadata do not establish event timing before the landmark; missing reasons remain UNKNOWN unless explicit.
GSE54514,T1,SIG022,35,31,4,0.11428571428571428,0,0,0,4,-1.3782673719929104,-0.3160914733605529,-1.0621758986323575,NOT_ESTIMABLE_MISSING_AGE_SEX_BASELINE_SEVERITY,PROHIBITED_NOT_PERFORMED,Public metadata do not establish event timing before the landmark; missing reasons remain UNKNOWN unless explicit.
GSE54514,T1,SIG023,35,31,4,0.11428571428571428,0,0,0,4,-0.3391545815483871,-1.2065161473750003,0.8673615658266132,NOT_ESTIMABLE_MISSING_AGE_SEX_BASELINE_SEVERITY,PROHIBITED_NOT_PERFORMED,Public metadata do not establish event timing before the landmark; missing reasons remain UNKNOWN unless explicit.
GSE54514,T1,SIG033,35,31,4,0.11428571428571428,0,0,0,4,-15.449994291279616,-14.9243505731644,-0.5256437181152158,NOT_ESTIMABLE_MISSING_AGE_SEX_BASELINE_SEVERITY,PROHIBITED_NOT_PERFORMED,Public metadata do not establish event timing before the landmark; missing reasons remain UNKNOWN unless explicit.
GSE54514,T1,SIG034,35,31,4,0.11428571428571428,0,0,0,4,1.1324471714592914,1.147676640875075,-0.015229469415783514,NOT_ESTIMABLE_MISSING_AGE_SEX_BASELINE_SEVERITY,PROHIBITED_NOT_PERFORMED,Public metadata do not establish event timing before the landmark; missing reasons remain UNKNOWN unless explicit.
GSE54514,T2,SIG001,35,28,7,0.2,0,0,0,7,2.118805093002197,1.912261437380753,0.20654365562144417,NOT_ESTIMABLE_MISSING_AGE_SEX_BASELINE_SEVERITY,PROHIBITED_NOT_PERFORMED,Public metadata do not establish event timing before the landmark; missing reasons remain UNKNOWN unless explicit.
GSE54514,T2,SIG002,35,28,7,0.2,0,0,0,7,7.468072685517858,6.7701791345714275,0.6978935509464304,NOT_ESTIMABLE_MISSING_AGE_SEX_BASELINE_SEVERITY,PROHIBITED_NOT_PERFORMED,Public metadata do not establish event timing before the landmark; missing reasons remain UNKNOWN unless explicit.
GSE54514,T2,SIG003,35,28,7,0.2,0,0,0,7,-0.793759756238632,-0.8486535879833247,0.054893831744692645,NOT_ESTIMABLE_MISSING_AGE_SEX_BASELINE_SEVERITY,PROHIBITED_NOT_PERFORMED,Public metadata do not establish event timing before the landmark; missing reasons remain UNKNOWN unless explicit.
GSE54514,T2,SIG004,35,28,7,0.2,0,0,0,7,-0.09370255090792753,-0.06570889273219263,-0.027993658175734903,NOT_ESTIMABLE_MISSING_AGE_SEX_BASELINE_SEVERITY,PROHIBITED_NOT_PERFORMED,Public metadata do not establish event timing before the landmark; missing reasons remain UNKNOWN unless explicit.
GSE54514,T2,SIG022,35,28,7,0.2,0,0,0,7,-1.2957850036005478,-1.101239189201013,-0.1945458143995349,NOT_ESTIMABLE_MISSING_AGE_SEX_BASELINE_SEVERITY,PROHIBITED_NOT_PERFORMED,Public metadata do not establish event timing before the landmark; missing reasons remain UNKNOWN unless explicit.
GSE54514,T2,SIG023,35,28,7,0.2,0,0,0,7,-0.2797259685892857,-1.0725042138571432,0.7927782452678576,NOT_ESTIMABLE_MISSING_AGE_SEX_BASELINE_SEVERITY,PROHIBITED_NOT_PERFORMED,Public metadata do not establish event timing before the landmark; missing reasons remain UNKNOWN unless explicit.
GSE54514,T2,SIG033,35,28,7,0.2,0,0,0,7,-15.399184391960658,-15.352866049632478,-0.04631834232817944,NOT_ESTIMABLE_MISSING_AGE_SEX_BASELINE_SEVERITY,PROHIBITED_NOT_PERFORMED,Public metadata do not establish event timing before the landmark; missing reasons remain UNKNOWN unless explicit.
GSE54514,T2,SIG034,35,28,7,0.2,0,0,0,7,1.1331118880395403,1.138490859090173,-0.005378971050632675,NOT_ESTIMABLE_MISSING_AGE_SEX_BASELINE_SEVERITY,PROHIBITED_NOT_PERFORMED,Public metadata do not establish event timing before the landmark; missing reasons remain UNKNOWN unless explicit.
GSE110487,T1,SIG001,31,0,31,1.0,0,0,0,31,,2.1578090214517927,,NOT_ESTIMABLE_MISSING_AGE_SEX_BASELINE_SEVERITY,PROHIBITED_NOT_PERFORMED,Public metadata do not establish event timing before the landmark; missing reasons remain UNKNOWN unless explicit.
GSE110487,T1,SIG002,31,0,31,1.0,0,0,0,31,,9.10607964651225,,NOT_ESTIMABLE_MISSING_AGE_SEX_BASELINE_SEVERITY,PROHIBITED_NOT_PERFORMED,Public metadata do not establish event timing before the landmark; missing reasons remain UNKNOWN unless explicit.
GSE110487,T1,SIG003,31,0,31,1.0,0,0,0,31,,-0.4473668688611046,,NOT_ESTIMABLE_MISSING_AGE_SEX_BASELINE_SEVERITY,PROHIBITED_NOT_PERFORMED,Public metadata do not establish event timing before the landmark; missing reasons remain UNKNOWN unless explicit.
GSE110487,T1,SIG004,31,0,31,1.0,0,0,0,31,,0.05949744576752211,,NOT_ESTIMABLE_MISSING_AGE_SEX_BASELINE_SEVERITY,PROHIBITED_NOT_PERFORMED,Public metadata do not establish event timing before the landmark; missing reasons remain UNKNOWN unless explicit.
GSE110487,T1,SIG022,31,0,31,1.0,0,0,0,31,,-5.609769047832961,,NOT_ESTIMABLE_MISSING_AGE_SEX_BASELINE_SEVERITY,PROHIBITED_NOT_PERFORMED,Public metadata do not establish event timing before the landmark; missing reasons remain UNKNOWN unless explicit.
GSE110487,T1,SIG023,31,0,31,1.0,0,0,0,31,,1.1476305125146473,,NOT_ESTIMABLE_MISSING_AGE_SEX_BASELINE_SEVERITY,PROHIBITED_NOT_PERFORMED,Public metadata do not establish event timing before the landmark; missing reasons remain UNKNOWN unless explicit.
GSE110487,T1,SIG033,31,0,31,1.0,0,0,0,31,,-18.60171229052305,,NOT_ESTIMABLE_MISSING_AGE_SEX_BASELINE_SEVERITY,PROHIBITED_NOT_PERFORMED,Public metadata do not establish event timing before the landmark; missing reasons remain UNKNOWN unless explicit.
GSE110487,T1,SIG034,31,0,31,1.0,0,0,0,31,,1.2178928008015102,,NOT_ESTIMABLE_MISSING_AGE_SEX_BASELINE_SEVERITY,PROHIBITED_NOT_PERFORMED,Public metadata do not establish event timing before the landmark; missing reasons remain UNKNOWN unless explicit.
GSE110487,T2,SIG001,31,31,0,0.0,0,0,0,0,2.1578090214517927,,,NOT_ESTIMABLE_MISSING_AGE_SEX_BASELINE_SEVERITY,PROHIBITED_NOT_PERFORMED,Public metadata do not establish event timing before the landmark; missing reasons remain UNKNOWN unless explicit.
GSE110487,T2,SIG002,31,31,0,0.0,0,0,0,0,9.10607964651225,,,NOT_ESTIMABLE_MISSING_AGE_SEX_BASELINE_SEVERITY,PROHIBITED_NOT_PERFORMED,Public metadata do not establish event timing before the landmark; missing reasons remain UNKNOWN unless explicit.
GSE110487,T2,SIG003,31,31,0,0.0,0,0,0,0,-0.4473668688611046,,,NOT_ESTIMABLE_MISSING_AGE_SEX_BASELINE_SEVERITY,PROHIBITED_NOT_PERFORMED,Public metadata do not establish event timing before the landmark; missing reasons remain UNKNOWN unless explicit.
GSE110487,T2,SIG004,31,31,0,0.0,0,0,0,0,0.05949744576752211,,,NOT_ESTIMABLE_MISSING_AGE_SEX_BASELINE_SEVERITY,PROHIBITED_NOT_PERFORMED,Public metadata do not establish event timing before the landmark; missing reasons remain UNKNOWN unless explicit.
GSE110487,T2,SIG022,31,31,0,0.0,0,0,0,0,-5.609769047832961,,,NOT_ESTIMABLE_MISSING_AGE_SEX_BASELINE_SEVERITY,PROHIBITED_NOT_PERFORMED,Public metadata do not establish event timing before the landmark; missing reasons remain UNKNOWN unless explicit.
GSE110487,T2,SIG023,31,31,0,0.0,0,0,0,0,1.1476305125146473,,,NOT_ESTIMABLE_MISSING_AGE_SEX_BASELINE_SEVERITY,PROHIBITED_NOT_PERFORMED,Public metadata do not establish event timing before the landmark; missing reasons remain UNKNOWN unless explicit.
GSE110487,T2,SIG033,31,31,0,0.0,0,0,0,0,-18.60171229052305,,,NOT_ESTIMABLE_MISSING_AGE_SEX_BASELINE_SEVERITY,PROHIBITED_NOT_PERFORMED,Public metadata do not establish event timing before the landmark; missing reasons remain UNKNOWN unless explicit.
GSE110487,T2,SIG034,31,31,0,0.0,0,0,0,0,1.2178928008015102,,,NOT_ESTIMABLE_MISSING_AGE_SEX_BASELINE_SEVERITY,PROHIBITED_NOT_PERFORMED,Public metadata do not establish event timing before the landmark; missing reasons remain UNKNOWN unless explicit.
GSE8121,T1,SIG001,30,0,30,1.0,0,0,0,30,,2.407635483325471,,NOT_ESTIMABLE_MISSING_AGE_SEX_BASELINE_SEVERITY,PROHIBITED_NOT_PERFORMED,Public metadata do not establish event timing before the landmark; missing reasons remain UNKNOWN unless explicit.
GSE8121,T1,SIG002,30,0,30,1.0,0,0,0,30,,0.9054940223333335,,NOT_ESTIMABLE_MISSING_AGE_SEX_BASELINE_SEVERITY,PROHIBITED_NOT_PERFORMED,Public metadata do not establish event timing before the landmark; missing reasons remain UNKNOWN unless explicit.
GSE8121,T1,SIG003,30,0,30,1.0,0,0,0,30,,-0.24544987512355218,,NOT_ESTIMABLE_MISSING_AGE_SEX_BASELINE_SEVERITY,PROHIBITED_NOT_PERFORMED,Public metadata do not establish event timing before the landmark; missing reasons remain UNKNOWN unless explicit.
GSE8121,T1,SIG004,30,0,30,1.0,0,0,0,30,,-0.20349111956249846,,NOT_ESTIMABLE_MISSING_AGE_SEX_BASELINE_SEVERITY,PROHIBITED_NOT_PERFORMED,Public metadata do not establish event timing before the landmark; missing reasons remain UNKNOWN unless explicit.
GSE8121,T1,SIG022,30,0,30,1.0,0,0,0,30,,0.008494442313294851,,NOT_ESTIMABLE_MISSING_AGE_SEX_BASELINE_SEVERITY,PROHIBITED_NOT_PERFORMED,Public metadata do not establish event timing before the landmark; missing reasons remain UNKNOWN unless explicit.
GSE8121,T1,SIG023,30,0,30,1.0,0,0,0,30,,1.0190469986666666,,NOT_ESTIMABLE_MISSING_AGE_SEX_BASELINE_SEVERITY,PROHIBITED_NOT_PERFORMED,Public metadata do not establish event timing before the landmark; missing reasons remain UNKNOWN unless explicit.
GSE8121,T1,SIG033,30,0,30,1.0,0,0,0,30,,0.21615817707906665,,NOT_ESTIMABLE_MISSING_AGE_SEX_BASELINE_SEVERITY,PROHIBITED_NOT_PERFORMED,Public metadata do not establish event timing before the landmark; missing reasons remain UNKNOWN unless explicit.
GSE8121,T1,SIG034,30,0,30,1.0,0,0,0,30,,4.1296153133538,,NOT_ESTIMABLE_MISSING_AGE_SEX_BASELINE_SEVERITY,PROHIBITED_NOT_PERFORMED,Public metadata do not establish event timing before the landmark; missing reasons remain UNKNOWN unless explicit.
GSE8121,T2,SIG001,30,30,0,0.0,0,0,0,0,2.407635483325471,,,NOT_ESTIMABLE_MISSING_AGE_SEX_BASELINE_SEVERITY,PROHIBITED_NOT_PERFORMED,Public metadata do not establish event timing before the landmark; missing reasons remain UNKNOWN unless explicit.
GSE8121,T2,SIG002,30,30,0,0.0,0,0,0,0,0.9054940223333335,,,NOT_ESTIMABLE_MISSING_AGE_SEX_BASELINE_SEVERITY,PROHIBITED_NOT_PERFORMED,Public metadata do not establish event timing before the landmark; missing reasons remain UNKNOWN unless explicit.
GSE8121,T2,SIG003,30,30,0,0.0,0,0,0,0,-0.24544987512355218,,,NOT_ESTIMABLE_MISSING_AGE_SEX_BASELINE_SEVERITY,PROHIBITED_NOT_PERFORMED,Public metadata do not establish event timing before the landmark; missing reasons remain UNKNOWN unless explicit.
GSE8121,T2,SIG004,30,30,0,0.0,0,0,0,0,-0.20349111956249846,,,NOT_ESTIMABLE_MISSING_AGE_SEX_BASELINE_SEVERITY,PROHIBITED_NOT_PERFORMED,Public metadata do not establish event timing before the landmark; missing reasons remain UNKNOWN unless explicit.
GSE8121,T2,SIG022,30,30,0,0.0,0,0,0,0,0.008494442313294851,,,NOT_ESTIMABLE_MISSING_AGE_SEX_BASELINE_SEVERITY,PROHIBITED_NOT_PERFORMED,Public metadata do not establish event timing before the landmark; missing reasons remain UNKNOWN unless explicit.
GSE8121,T2,SIG023,30,30,0,0.0,0,0,0,0,1.0190469986666666,,,NOT_ESTIMABLE_MISSING_AGE_SEX_BASELINE_SEVERITY,PROHIBITED_NOT_PERFORMED,Public metadata do not establish event timing before the landmark; missing reasons remain UNKNOWN unless explicit.
GSE8121,T2,SIG033,30,30,0,0.0,0,0,0,0,0.21615817707906665,,,NOT_ESTIMABLE_MISSING_AGE_SEX_BASELINE_SEVERITY,PROHIBITED_NOT_PERFORMED,Public metadata do not establish event timing before the landmark; missing reasons remain UNKNOWN unless explicit.
GSE8121,T2,SIG034,30,30,0,0.0,0,0,0,0,4.1296153133538,,,NOT_ESTIMABLE_MISSING_AGE_SEX_BASELINE_SEVERITY,PROHIBITED_NOT_PERFORMED,Public metadata do not establish event timing before the landmark; missing reasons remain UNKNOWN unless explicit.
